resolution,category,metric,before_count,before_p50_ms,before_p99_ms,before_max_ms,after_count,after_p50_ms,after_p99_ms,after_max_ms
1080,All named render passes,busy_union,562,4.239958,6.377127,6.956625,567,6.728167,13.069208,16.109958
1080,All named render passes,frame_span,562,4.703250,6.938833,7.859375,567,6.951709,16.507208,17.524542
1080,UI / HUD / UI model layers,busy_union,562,0.176043,1.016542,1.544083,567,4.810751,5.343583,5.563958
1080,UI / HUD / UI model layers,frame_span,562,0.322917,1.067417,1.706000,567,5.714084,10.083083,11.890000
1080,camera clear,busy_union,562,0.065542,0.166208,2.174709,567,0.068166,5.059875,6.606500
1080,camera clear,frame_span,562,0.070208,0.415459,2.181042,567,0.072000,5.633083,6.800125
1080,first-person rig,busy_union,562,0.040208,0.487749,0.950041,567,0.063001,1.033042,2.739583
1080,first-person rig,frame_span,562,2.584875,4.275334,5.457792,567,3.926875,9.099333,10.584875
1080,opaque scene (not separable by terrain/cutout/entities),busy_union,562,3.612751,5.389417,5.789584,567,5.819792,8.895666,10.579293
1080,opaque scene (not separable by terrain/cutout/entities),frame_span,562,3.631875,5.572083,5.964667,567,5.820584,10.704417,11.210750
1080,post: FXAA,busy_union,562,0.320250,0.988208,1.475459,567,0.583166,1.314375,1.846875
1080,post: FXAA,frame_span,562,0.405959,4.562750,5.834417,567,4.467291,9.546917,11.154375
1080,timestamp instrumentation,busy_union,562,0.209000,0.933165,2.213000,352,0.006625,0.033583,0.046041
1080,timestamp instrumentation,frame_span,562,5.994916,10.350125,24.680042,352,0.006625,0.033583,0.046041
1080,transparent scene (not separable by material),busy_union,562,0.785832,3.366501,4.477042,567,1.224334,3.937917,5.857500
1080,transparent scene (not separable by material),frame_span,562,3.269500,5.187250,6.232375,567,4.991958,10.195875,11.653875
1080,unlabeled blit,busy_union,562,0.116917,0.715625,1.407209,567,0.149250,1.249875,1.452042
1080,unlabeled blit,frame_span,562,0.195625,1.321125,2.227208,567,0.259750,4.095541,6.044708
1080,wgpu internal,busy_union,562,0.037666,0.173833,1.016667,567,0.031832,0.347291,0.977418
1080,wgpu internal,frame_span,562,1.189000,5.170917,7.798667,567,0.651166,7.890291,10.218458
retina,All named render passes,busy_union,552,8.166835,10.283209,10.837124,514,11.861751,16.501459,17.560125
retina,All named render passes,frame_span,552,8.943416,11.302709,12.702542,514,15.556667,20.056083,20.841958
retina,UI / HUD / UI model layers,busy_union,552,1.008707,1.359373,1.395042,514,0.397124,3.317168,7.041083
retina,UI / HUD / UI model layers,frame_span,552,1.136166,1.464625,2.015167,514,7.203875,10.233083,10.990542
retina,camera clear,busy_union,552,0.211000,0.681000,0.736209,514,3.570500,7.121208,7.274125
retina,camera clear,frame_span,552,0.695584,1.044208,1.080416,514,4.362666,7.238000,8.147791
retina,first-person rig,busy_union,552,0.064125,0.125333,0.182583,514,0.064333,0.634042,0.939750
retina,first-person rig,frame_span,552,5.872041,8.300000,9.585208,514,6.137959,9.139458,9.925792
retina,opaque scene (not separable by terrain/cutout/entities),busy_union,552,6.656709,7.212916,9.413790,514,6.798083,8.107958,9.923500
retina,opaque scene (not separable by terrain/cutout/entities),frame_span,552,6.656834,7.756375,10.213416,514,6.798958,8.465333,10.003875
retina,post: FXAA,busy_union,552,0.759541,0.887125,1.393709,514,0.753334,1.739417,2.298583
retina,post: FXAA,frame_span,552,0.938625,6.742208,6.786083,514,6.859167,9.860625,10.641750
retina,timestamp instrumentation,busy_union,552,0.256835,0.832919,1.472498,272,0.003916,0.007333,0.007750
retina,timestamp instrumentation,frame_span,552,8.075125,13.341667,17.641292,272,0.003916,0.007333,0.007750
retina,transparent scene (not separable by material),busy_union,552,0.786001,2.737374,3.452917,514,0.741041,2.629668,3.566249
retina,transparent scene (not separable by material),frame_span,552,6.300125,8.674583,10.032250,514,6.544333,9.513625,10.354041
retina,unlabeled blit,busy_union,552,0.329875,0.739333,2.852168,514,0.401833,1.333167,1.851417
retina,unlabeled blit,frame_span,552,0.478750,2.773208,4.055459,514,0.559875,2.940958,17.265084
retina,wgpu internal,busy_union,552,0.049042,0.114625,0.253041,514,0.063710,0.631375,0.914916
retina,wgpu internal,frame_span,552,0.488125,3.078500,6.130917,514,7.387625,10.465500,11.491375
