stage,1080_count,1080_p50_ms,1080_p99_ms,1080_max_ms,retina_count,retina_p50_ms,retina_p99_ms,retina_max_ms
actor.completion_poll,12330,0.000375,0.06663410999999952,10.023958,9044,0.000459,0.3113746299999805,30.029
"check_conditions{name=""bevy_app::main_schedule::FixedMain::run_fixed_main""}",7685,0.000208,0.000625,0.001584,7687,0.000167,0.000583,0.004125
"check_conditions{name=""bevy_app::main_schedule::Main::run_main""}",12330,0.000375,0.001167,0.003416,9044,0.000375,0.001398369999999988,0.005625
"check_conditions{name=""bevy_time::fixed::run_fixed_main_schedule""}",12330,0.000208,0.00075,0.001542,9044,0.000209,0.000791,0.005667
collect_screenshots,12330,0.000708,0.003833,0.114292,9044,0.001083,0.004988249999999963,0.843375
command_buffer_generation_tasks,12330,0.242542,0.9830043899999985,42.979167,9044,0.309562,1.398055369999998,10.67675
decode.dispatch,12330,0.000166,0.00075,0.043958,9044,0.000208,0.000875,0.028375
entity_sync,12330,0.001,0.003042,0.010667,9044,0.001083,0.002982369999999988,0.005833
gpu.timestamps.device_poll,12330,0.049708,0.17507378999999934,3.03425,9045,0.0505,0.25290855999999934,1.971583
gpu.timestamps.map_request,12330,0.001417,0.007891929999999927,0.077459,8155,0.00175,0.00775,0.247333
gpu.timestamps.queue_submit,12330,0.016167,0.1259524999999976,10.283125,8155,0.020833,0.22544914000000021,10.395209
gpu.timestamps.readback,12330,0.002875,0.010125,0.270041,9045,0.003583,0.013772959999999978,0.190625
gpu.timestamps.resolve_submit,12330,0.046542,0.26447563999999996,10.331625,9044,0.058958,0.4239046199999976,10.483541
hand.light_write,39,0.004417,0.05543853999999998,0.058542,14,0.0052915,8.723043119999991,10.025042
hand.pose_upload,36990,0.008375,0.639988990000003,47.727084,27135,0.010167,10.015078339999999,30.236833
light.dispatch,12330,0.000333,0.00125,0.023083,9044,0.000292,0.001375,0.19
main app,12330,1.6637084999999998,15.576519959999986,151.768375,9044,2.2492915,27.321611249999975,84.537625
main_opaque_pass_3d,12330,0.228375,0.8989451399999997,42.939666,9044,0.28441649999999996,1.1926776899999987,7.905458
main_transmissive_pass_3d,12330,4.2e-05,0.000375,0.015917,9045,4.2e-05,0.000417,0.008584
mesh.dispatch,12330,8.3e-05,0.000416,0.010834,9044,8.4e-05,0.000459,0.019375
multithreaded executor,2974190,0.000292,0.023667,48.59625,2211825,0.000333,0.030583,62.979334
no_camera_clear_pass,12330,0.005041,0.02204171,3.613125,9045,0.006542,0.03459351999999992,0.81725
"node{name=""bevy_core_pipeline::experimental::mip_generation::DownsampleDepthNode""}",24660,0.000208,0.000834,0.744375,18090,0.000209,0.001125,49.494166
"node{name=""bevy_render::render_graph::camera_driver_node::CameraDriverNode""}",12330,0.009875,0.04712402999999975,3.627167,9045,0.013083,0.07625703999999976,22.104334
"node{name=""bevy_render::render_graph::node::EmptyNode""}",61650,8.3e-05,0.0005,0.024125,45225,0.000125,0.000583,0.3115
"node{name=""bevy_render::render_graph::node::ViewNodeRunner<bevy_anti_alias::fxaa::node::FxaaNode>""}",12330,0.002,0.007917,2.451333,9045,0.002583,0.012254479999999958,0.817417
"node{name=""bevy_render::render_graph::node::ViewNodeRunner<bevy_core_pipeline::core_3d::main_opaque_pass_3d_node::MainOpaquePass3dNode>""}",12330,0.063542,0.2679637499999999,14.208541,9045,0.085083,0.4030719999999997,12.976916
"node{name=""bevy_render::render_graph::node::ViewNodeRunner<bevy_core_pipeline::core_3d::main_transmissive_pass_3d_node::MainTransmissivePass3dNode>""}",12330,0.001667,0.006363109999999964,0.624167,9045,0.002084,0.008231519999999978,0.597875
"node{name=""bevy_render::render_graph::node::ViewNodeRunner<bevy_core_pipeline::deferred::copy_lighting_id::CopyDeferredLightingIdNode>""}",12330,0.000209,0.0010291099999999642,0.055083,9045,0.000291,0.001416,0.058417
"node{name=""bevy_render::render_graph::node::ViewNodeRunner<bevy_core_pipeline::deferred::node::EarlyDeferredGBufferPrepassNode>""}",12330,0.00025,0.0009461099999999642,0.218042,9045,0.00025,0.001334,0.041791
"node{name=""bevy_render::render_graph::node::ViewNodeRunner<bevy_core_pipeline::deferred::node::LateDeferredGBufferPrepassNode>""}",12330,0.000125,0.000458,0.103333,9045,0.000166,0.000542,0.063584
"node{name=""bevy_render::render_graph::node::ViewNodeRunner<bevy_core_pipeline::oit::resolve::node::OitResolveNode>""}",12330,0.000166,0.00075,0.017083,9045,0.000167,0.0011479599999999791,0.015292
"node{name=""bevy_render::render_graph::node::ViewNodeRunner<bevy_core_pipeline::prepass::node::EarlyPrepassNode>""}",12330,0.000333,0.000916,0.030084,9045,0.000375,0.00125,0.058083
"node{name=""bevy_render::render_graph::node::ViewNodeRunner<bevy_core_pipeline::prepass::node::LatePrepassNode>""}",12330,0.000167,0.000584,0.019584,9045,0.000208,0.000709,0.13975
"node{name=""bevy_render::render_graph::node::ViewNodeRunner<bevy_core_pipeline::tonemapping::node::TonemappingNode>""}",12330,0.000875,0.0035,0.156917,9045,0.001167,0.005005039999999957,0.401459
"node{name=""bevy_render::render_graph::node::ViewNodeRunner<bevy_post_process::bloom::BloomNode>""}",12330,0.00025,0.001208,0.029083,9045,0.000333,0.0016665599999999994,0.099833
"node{name=""bevy_render::render_graph::node::ViewNodeRunner<bevy_post_process::dof::DepthOfFieldNode>""}",12330,0.000125,0.000542,0.01725,9045,0.000166,0.0006899599999999791,0.043833
"node{name=""bevy_render::render_graph::node::ViewNodeRunner<bevy_post_process::effect_stack::PostProcessingNode>""}",12330,0.000167,0.000708,0.064208,9045,0.000208,0.000833,0.5895
"node{name=""bevy_render::render_graph::node::ViewNodeRunner<bevy_post_process::motion_blur::node::MotionBlurNode>""}",12330,0.000125,0.000917,0.068083,9045,0.000167,0.001291,0.0655
"node{name=""bevy_render::render_graph::node::ViewNodeRunner<bevy_post_process::msaa_writeback::MsaaWritebackNode>""}",12330,0.000292,0.001167,0.040416,9045,0.000334,0.001625,0.137917
"node{name=""bevy_render::render_graph::node::ViewNodeRunner<render::chunk::gpu_cull::direct::TerrainPassNode>""}",12330,0.000958,0.003416,0.414875,9045,0.001291,0.004375,0.155583
"node{name=""bevy_render::render_graph::node::ViewNodeRunner<render::chunk::transparent::gamma_pass::GammaTransparentPass>""}",12330,0.024792,0.10057181999999996,1.623875,9045,0.030417,0.144572959999999,3.480167
"node{name=""bevy_render::render_graph::node::ViewNodeRunner<render::entity_shadow_render::EntityShadowNode>""}",12330,0.00025,0.001667,5.657667,9045,0.000292,0.002375,0.255625
"node{name=""bevy_render::render_graph::node::ViewNodeRunner<render::ui_render::composite::UiPresentNode>""}",12330,0.0055,0.03307152999999997,6.597417,9045,0.007584,0.05473151999999998,1.625542
"node{name=""bevy_render::render_graph::node::ViewNodeRunner<render::ui_render::overlay::GradeStage<render::hand_rig_render::node::HandRigViewNode, false>>""}",12330,0.002333,0.008987819999999962,0.626083,9045,0.002959,0.01610347999999983,1.596041
"node{name=""bevy_render::render_graph::node::ViewNodeRunner<render::ui_render::overlay::GradeStage<render::ui_render::overlay::UiOverlayNode, false>>""}",12330,0.006208,0.025909859999999854,8.246083,9045,0.007917,0.04147847999999983,3.46075
"node{name=""bevy_render::render_graph::node::ViewNodeRunner<render::ui_render::overlay::GradeStage<render::ui_render::overlay::UiOverlayNode, true>>""}",12330,0.000125,0.000875,0.011167,9045,0.000208,0.0014399599999999793,0.228583
"node{name=""bevy_render::render_graph::node::ViewNodeRunner<render::ui_render::overlay::GradeStage<render::viewmodel_render::node::HandViewNode, false>>""}",12330,0.00075,0.003166,0.185333,9045,0.001,0.004231519999999979,0.355792
"node{name=""bevy_render::render_graph::node::ViewNodeRunner<render::ui_render::overlay::world::UiWorldNode>""}",12330,0.001083,0.004446109999999964,0.040416,9045,0.001625,0.006898519999999979,1.939375
opaque_main_pass_3d,12330,0.09418750000000001,0.3174759299999999,15.973167,9044,0.106084,0.44424624999999923,7.462375
par_for_each,246620,0.0005,0.02275,0.999042,180900,0.000542,0.023833,1.755542
particles.instance_write,9355,0.016166,3.068806359999945,52.190708,6235,0.0205,10.210194779999998,30.090667
present_frames,12330,0.012625,0.08797424999999967,6.80975,9044,0.0169165,0.13198712999999979,13.985625
profile.clock_anchor,119,0.000167,0.00058382,0.003917,119,0.000167,0.0008570599999999977,0.000917
profile.clock_window,119,0.003667,0.022989999999999993,0.027959,119,0.004625,0.024742499999999987,0.05475
"run_graph{name=""Core3d""}",12330,0.160542,0.6175497199999993,14.452875,9045,0.212666,0.956614959999999,49.935333
"run_graph{name=""main_graph""}",12330,0.17672949999999998,0.6743389299999951,14.4855,9045,0.236542,1.063171959999991,50.030458
schedule{name=ExtractSchedule},12330,0.152042,1.6599458899999913,27.037584,9044,0.165625,3.4403584399999976,23.879
schedule{name=First},12330,0.063375,2.683391389999992,17.620333,9044,0.0744795,4.938731069999957,19.8565
schedule{name=FixedMain},7685,0.016458,2.0173985599999975,12.29275,7687,0.018375,3.318878000000003,13.816875
schedule{name=FixedPostUpdate},7685,0.012875,2.0096379999999976,12.2835,7687,0.014167,3.308723880000003,13.80175
schedule{name=Last},12331,0.052791,2.0225669000000037,39.663125,9045,0.074292,3.6111319599999763,15.427875
schedule{name=Main},12330,1.6604375,15.571923069999988,151.765625,9044,2.246063,27.318016499999974,84.533917
schedule{name=PostUpdate},12331,0.159958,2.9213788000000522,12.545792,9045,0.230542,7.025404959999954,34.31
schedule{name=PreUpdate},12330,0.07825,2.142861289999996,20.045875,9044,0.088,4.341537369999972,15.148584
schedule{name=Render},12329,8.189917,32.510931479999904,167.806083,9043,8.759791,53.96493327999999,132.700042
schedule{name=RunFixedMainLoop},12330,0.017584,0.9585406099999997,42.101709,9044,0.022708,3.5075773199999913,21.320667
schedule{name=Update},12330,1.202833,7.4523978199999705,124.201,9044,1.628667,12.011708569999996,61.401959
stream.commit,27192,0.000666,0.008458,1.928625,27204,0.000667,0.009291,0.664334
stream.commit_ready,39522,0.001,0.014791,1.98925,36248,0.001084,0.01595853,1.473041
stream.poll,12330,0.007833,0.031084,0.825167,9044,0.0085,0.03938618999999995,0.653666
sub app{name=RenderApp},12329,8.195917,32.5187399999999,167.812416,9043,8.766833,53.97674671999999,132.706083
sub app{name=RenderExtractApp},12330,6.730583,24.958244859999976,151.14475,9044,6.699604000000001,39.642393689999984,129.885667
submit_graph_commands,12330,0.110291,1.1463062099999872,38.623041,9044,0.1771665,1.8022054999999995,52.162208
"system_commands{name=""(bevy_ecs::system::commands::Commands<'_, '_>, bevy_ecs::change_detection::params::ResMut<'_, bevy_winit::winit_monitors::WinitMonitors>)""}",12330,0.000125,0.0005,0.004916,9044,0.000125,0.000542,0.002542
"system_commands{name=""(bevy_ecs::system::commands::Commands<'_, '_>, bevy_ecs::system::query::Query<'_, '_, bevy_ecs::entity::Entity, bevy_ecs::query::filter::With<bevy_window::window::PrimaryWindow>>, bevy_ecs::system::query::Query<'_, '_, (bevy_ecs::entity::Entity, &bevy_render::view::window::screenshot::Screenshot), bevy_ecs::query::filter::Without<bevy_render::view::window::screenshot::Capturing>>)""}",12330,0.000375,0.0021541099999999643,0.062042,9044,0.000375,0.002,0.10475
"system_commands{name=""bedrock_client::hud_tools::screenshot::spawn_frame_capture""}",12331,0.000125,0.000458,0.002917,9045,0.000166,0.000583,0.00325
"system_commands{name=""bedrock_client::menu::drive_menu_services""}",12330,0.000125,0.000459,0.004542,9044,8.3e-05,0.000375,0.00125
"system_commands{name=""bedrock_client::render_mode::apply_render_mode_to_cameras""}",12330,0.000125,0.0005,0.003,9044,0.000125,0.000625,0.004541
"system_commands{name=""bedrock_client::render_mode::sync_enhanced_bloom""}",12330,8.4e-05,0.000375,0.004917,9044,0.000125,0.000417,0.002167
"system_commands{name=""bedrock_client::session::drive_session""}",12330,0.000125,0.0005,0.004583,9044,0.000125,0.000583,0.002834
"system_commands{name=""bedrock_client::store::driver::drive_store""}",12330,0.000125,0.0005,0.008916,9044,0.000125,0.0005233699999999881,0.002209
"system_commands{name=""bevy_anti_alias::fxaa::prepare_fxaa_pipelines""}",12330,0.001459,0.004958,0.2385,9045,0.002042,0.008958559999999999,0.410833
"system_commands{name=""bevy_camera::visibility::calculate_bounds""}",12331,8.4e-05,0.000459,0.002625,9045,0.000125,0.000625,0.040458
"system_commands{name=""bevy_core_pipeline::core_2d::prepare_core_2d_depth_textures""}",12330,0.000167,0.001958,0.099125,9045,0.000334,0.0027085599999999996,6.218333
"system_commands{name=""bevy_core_pipeline::core_3d::extract_camera_prepass_phase""}",12330,0.00325,0.022375,2.271625,9044,0.003583,0.022315369999999987,2.8195
"system_commands{name=""bevy_core_pipeline::core_3d::prepare_core_3d_depth_textures""}",12330,0.002167,0.009958709999999999,0.688875,9045,0.003542,0.01973643999999994,2.340708
"system_commands{name=""bevy_core_pipeline::core_3d::prepare_core_3d_transmission_textures""}",12330,0.000125,0.0005,0.18375,9045,0.000167,0.000625,0.066042
"system_commands{name=""bevy_core_pipeline::core_3d::prepare_prepass_textures""}",12330,0.000917,0.003417,0.268625,9045,0.001209,0.005584,0.122625
"system_commands{name=""bevy_core_pipeline::deferred::copy_lighting_id::prepare_deferred_lighting_id_textures""}",12330,0.000167,0.000583,0.137,9045,0.000209,0.00075,0.20125
"system_commands{name=""bevy_core_pipeline::experimental::mip_generation::create_downsample_depth_pipelines""}",12330,0.000125,0.000458,0.011542,9045,0.000167,0.000625,0.054583
"system_commands{name=""bevy_core_pipeline::experimental::mip_generation::prepare_downsample_depth_view_bind_groups""}",12330,0.000166,0.001875,0.232167,9045,0.000209,0.0027315199999999786,2.857708
"system_commands{name=""bevy_core_pipeline::experimental::mip_generation::prepare_view_depth_pyramids""}",12330,0.000125,0.001875,4.971583,9045,0.00025,0.002625,0.680333
"system_commands{name=""bevy_core_pipeline::oit::prepare_oit_buffers""}",12330,8.4e-05,0.000458,0.178625,9045,0.000167,0.000625,12.993208
"system_commands{name=""bevy_core_pipeline::oit::resolve::prepare_oit_resolve_bind_group""}",12330,0.002166,0.013083,1.006709,9045,0.002958,0.021653439999999937,3.2735
"system_commands{name=""bevy_core_pipeline::oit::resolve::queue_oit_resolve_pipeline""}",12330,0.000208,0.002125,0.088708,9045,0.000291,0.003148519999999979,0.873625
"system_commands{name=""bevy_core_pipeline::skybox::prepare_skybox_bind_groups""}",12330,0.000125,0.001958,2.078833,9045,0.000208,0.0027735199999999786,0.134792
"system_commands{name=""bevy_core_pipeline::skybox::prepare_skybox_pipelines""}",12330,8.3e-05,0.000375,0.012166,9045,0.000125,0.000541,0.116667
"system_commands{name=""bevy_core_pipeline::skybox::prepass::prepare_skybox_prepass_bind_groups""}",12330,0.000125,0.000584,0.073583,9045,0.000167,0.0006899599999999791,0.045084
"system_commands{name=""bevy_core_pipeline::skybox::prepass::prepare_skybox_prepass_pipelines""}",12330,0.000125,0.0004587099999999991,0.069541,9045,0.000167,0.000625,0.051125
"system_commands{name=""bevy_core_pipeline::tonemapping::prepare_view_tonemapping_pipelines""}",12330,0.000959,0.003821109999999964,2.684666,9045,0.00125,0.006319999999999936,0.670041
"system_commands{name=""bevy_core_pipeline::upscaling::prepare_view_upscaling_pipelines""}",12330,0.000959,0.003446109999999964,0.657375,9045,0.001208,0.005273519999999979,1.318958
"system_commands{name=""bevy_input::gamepad::gamepad_connection_system""}",12330,0.000125,0.0005,0.008917,9044,0.000166,0.000625,0.003167
"system_commands{name=""bevy_post_process::bloom::downsampling_pipeline::prepare_downsampling_pipeline""}",12330,0.000125,0.000458,0.0625,9045,0.000167,0.000583,0.062792
"system_commands{name=""bevy_post_process::bloom::prepare_bloom_bind_groups""}",12330,4.2e-05,0.000375,0.198875,9045,0.000125,0.000542,0.080542
"system_commands{name=""bevy_post_process::bloom::prepare_bloom_textures""}",12330,0.000125,0.000417,0.133709,9045,0.000125,0.000542,1.8095
"system_commands{name=""bevy_post_process::bloom::upsampling_pipeline::prepare_upsampling_pipeline""}",12330,0.000125,0.000458,0.030292,9045,0.000166,0.000542,0.04775
"system_commands{name=""bevy_post_process::dof::extract_depth_of_field_settings""}",12330,0.000166,0.000667,4.326125,9044,0.000125,0.000583,0.033792
"system_commands{name=""bevy_post_process::dof::prepare_auxiliary_depth_of_field_textures""}",12330,0.000208,0.001833,0.827833,9044,0.000333,0.0026786199999999515,0.264958
"system_commands{name=""bevy_post_process::dof::prepare_depth_of_field_pipelines""}",12330,0.000125,0.000584,0.475166,9045,0.000167,0.000625,0.05375
"system_commands{name=""bevy_post_process::dof::prepare_depth_of_field_view_bind_group_layouts""}",12330,0.000125,0.000458,0.015917,9045,0.000167,0.000584,0.088333
"system_commands{name=""bevy_post_process::effect_stack::prepare_post_processing_pipelines""}",12330,0.000125,0.000458,0.077333,9045,0.000167,0.000625,0.077417
"system_commands{name=""bevy_post_process::effect_stack::prepare_post_processing_uniforms""}",12330,0.000125,0.000458,0.022375,9045,0.000167,0.000625,0.052792
"system_commands{name=""bevy_post_process::motion_blur::pipeline::prepare_motion_blur_pipelines""}",12330,0.000125,0.000417,0.0245,9045,0.000167,0.000625,0.046541
"system_commands{name=""bevy_post_process::msaa_writeback::prepare_msaa_writeback_pipelines""}",12330,0.000833,0.0028211099999999644,0.228708,9045,0.001042,0.004273519999999979,2.4165
"system_commands{name=""bevy_render::camera::extract_cameras""}",12330,0.006416,0.03455892999999993,0.970416,9044,0.007208,0.05091574999999974,5.192875
"system_commands{name=""bevy_render::extract_component::extract_components<bevy_anti_alias::fxaa::Fxaa>""}",12330,0.00275,0.02025,6.302833,9044,0.003166,0.026,2.46825
"system_commands{name=""bevy_render::extract_component::extract_components<bevy_camera::camera::CameraMainTextureUsages>""}",12330,0.000792,0.005208709999999999,0.125667,9044,0.000916,0.006689939999999988,0.317667
"system_commands{name=""bevy_render::extract_component::extract_components<bevy_camera::components::Camera2d>""}",12330,0.000625,0.004,0.543792,9044,0.000625,0.002857369999999988,0.612958
"system_commands{name=""bevy_render::extract_component::extract_components<bevy_camera::components::Camera3d>""}",12330,0.001125,0.009017639999999926,1.837,9044,0.001375,0.010689809999999904,1.560125
"system_commands{name=""bevy_render::extract_component::extract_components<bevy_core_pipeline::oit::OrderIndependentTransparencySettings>""}",12330,0.000583,0.004279819999999963,0.148708,9044,0.000667,0.003231939999999988,4.167041
"system_commands{name=""bevy_render::extract_component::extract_components<bevy_core_pipeline::skybox::Skybox>""}",12330,0.000625,0.004665319999999745,0.914416,9044,0.000666,0.003714309999999976,0.133167
"system_commands{name=""bevy_render::extract_component::extract_components<bevy_core_pipeline::tonemapping::DebandDither>""}",12330,0.001667,0.013208709999999999,3.925666,9044,0.002042,0.014875,2.296625
"system_commands{name=""bevy_render::extract_component::extract_components<bevy_core_pipeline::tonemapping::Tonemapping>""}",12330,0.001,0.008279819999999964,0.309458,9044,0.001125,0.010380189999999805,0.5465
"system_commands{name=""bevy_render::extract_component::extract_components<bevy_post_process::bloom::settings::Bloom>""}",12330,0.000625,0.005350929999999927,0.303042,9044,0.000667,0.004238249999999963,0.108292
"system_commands{name=""bevy_render::extract_component::extract_components<bevy_post_process::effect_stack::ChromaticAberration>""}",12330,0.000875,0.009321109999999964,1.362125,9044,0.001,0.0067323699999999875,0.284459
"system_commands{name=""bevy_render::extract_component::extract_components<bevy_post_process::motion_blur::MotionBlur>""}",12330,0.000542,0.004612819999999963,0.632042,9044,0.000625,0.003898939999999988,0.157167
"system_commands{name=""bevy_render::extract_component::extract_components<bevy_render::experimental::occlusion_culling::OcclusionCulling>""}",12330,0.000583,0.0031965299999999626,1.64275,9044,0.000625,0.0028983699999999882,0.10375
"system_commands{name=""bevy_render::extract_component::extract_components<bevy_render::gpu_readback::Readback>""}",12330,0.000834,0.0059167099999999995,0.162875,9044,0.000917,0.004607369999999988,0.224334
"system_commands{name=""bevy_render::extract_component::extract_components<bevy_render::view::Hdr>""}",12330,0.000666,0.00325,0.151292,9044,0.000708,0.002917,0.409292
"system_commands{name=""bevy_render::extract_component::extract_components<bevy_render::view::Msaa>""}",12330,0.001542,0.01088074999999989,1.976708,9044,0.001708,0.012588879999999976,3.898084
"system_commands{name=""bevy_render::extract_component::prepare_uniform_components<bevy_core_pipeline::skybox::SkyboxUniforms>""}",12330,0.000208,0.000584,0.0615,9045,0.00025,0.0009395199999999786,0.676166
"system_commands{name=""bevy_render::extract_component::prepare_uniform_components<bevy_post_process::bloom::downsampling_pipeline::BloomUniforms>""}",12330,0.00025,0.000708,0.019833,9045,0.00025,0.001042,0.204334
"system_commands{name=""bevy_render::extract_component::prepare_uniform_components<bevy_post_process::dof::DepthOfFieldUniform>""}",12330,0.000125,0.000458,0.1255,9045,0.000167,0.000625,0.233333
"system_commands{name=""bevy_render::extract_component::prepare_uniform_components<bevy_post_process::motion_blur::MotionBlurUniform>""}",12330,0.000208,0.000625,0.029958,9045,0.00025,0.000792,1.203875
"system_commands{name=""bevy_render::extract_resource::extract_resource<bevy_camera::clear_color::ClearColor>""}",12330,0.000125,0.000583,0.060542,9044,0.000166,0.000584,0.022292
"system_commands{name=""bevy_render::extract_resource::extract_resource<bevy_core_pipeline::tonemapping::TonemappingLuts>""}",12330,0.000125,0.000667,0.129084,9044,0.000167,0.000625,0.144583
"system_commands{name=""bevy_render::extract_resource::extract_resource<bevy_render::texture::manual_texture_view::ManualTextureViews>""}",12330,0.000125,0.000584,0.268583,9044,0.000167,0.000625,0.060625
"system_commands{name=""bevy_render::extract_resource::extract_resource<render::actor::ActorRenderFrame>""}",12330,0.000125,0.000666,0.454167,9044,0.000166,0.000625,0.526875
"system_commands{name=""bevy_render::extract_resource::extract_resource<render::atmosphere::AtmosphereFrame>""}",12330,0.000125,0.000542,0.018583,9044,0.000166,0.000625,0.042584
"system_commands{name=""bevy_render::extract_resource::extract_resource<render::atmosphere::AtmosphereTextureAssets>""}",12330,0.000125,0.000625,0.029959,9044,0.000167,0.000708,0.249208
"system_commands{name=""bevy_render::extract_resource::extract_resource<render::block_entity::scene::BlockEntityFrame>""}",12330,0.000125,0.000583,0.020042,9044,0.000167,0.000667,0.142167
"system_commands{name=""bevy_render::extract_resource::extract_resource<render::block_entity::selection::BlockSelectionFrame>""}",12330,0.000125,0.000584,0.02875,9044,0.000167,0.000666,0.030625
"system_commands{name=""bevy_render::extract_resource::extract_resource<render::chunk::api::ChunkGpuRemovalQueue>""}",12330,0.000125,0.000584,0.047459,9044,0.000166,0.000625,0.053334
"system_commands{name=""bevy_render::extract_resource::extract_resource<render::chunk::api::ChunkUploadBudget>""}",12330,0.000125,0.000542,0.026916,9044,0.000125,0.000583,0.056542
"system_commands{name=""bevy_render::extract_resource::extract_resource<render::chunk::biome_tints::ChunkBiomeTints>""}",12330,0.000125,0.000583,0.086833,9044,0.000167,0.000625,0.034708
"system_commands{name=""bevy_render::extract_resource::extract_resource<render::chunk::presentation::model_witness::ModelWitnessRequest>""}",12330,0.000125,0.000583,1.524625,9044,0.000166,0.000584,0.305709
"system_commands{name=""bevy_render::extract_resource::extract_resource<render::chunk::presentation::transparent_witness::TransparentWitnessRequest>""}",12330,0.000125,0.000625,0.176292,9044,0.000167,0.000667,0.458583
"system_commands{name=""bevy_render::extract_resource::extract_resource<render::chunk::texture_reload::ChunkTextureReload>""}",12330,0.000125,0.000625,0.421959,9044,0.000166,0.0006483699999999881,0.112708
"system_commands{name=""bevy_render::extract_resource::extract_resource<render::chunk::textures::ChunkAnimationClock>""}",12330,0.000125,0.000584,0.019208,9044,0.000167,0.000625,0.175084
"system_commands{name=""bevy_render::extract_resource::extract_resource<render::chunk::textures::ChunkTextureAssets>""}",12330,0.000125,0.000625,0.18175,9044,0.000167,0.000625,0.127
"system_commands{name=""bevy_render::extract_resource::extract_resource<render::cloud_render::CloudVisibility>""}",12330,0.000166,0.000917,0.102625,9044,0.000166,0.000708,0.028833
"system_commands{name=""bevy_render::extract_resource::extract_resource<render::dropped_item::DroppedItemScene>""}",12330,0.000125,0.000667,0.059666,9044,0.000167,0.000709,3.152709
"system_commands{name=""bevy_render::extract_resource::extract_resource<render::dropped_item_render::terrain_items::ImmediateTerrainMeshPublications>""}",12330,0.000125,0.000583,0.030958,9044,0.000125,0.000625,0.049084
"system_commands{name=""bevy_render::extract_resource::extract_resource<render::entity_shadow_render::EntityShadowScene>""}",12330,0.000125,0.000583,0.054875,9044,0.000166,0.000625,0.024167
"system_commands{name=""bevy_render::extract_resource::extract_resource<render::hand_rig_render::HandRigScene>""}",12330,0.000125,0.000542,0.037708,9044,0.000125,0.000625,0.06575
"system_commands{name=""bevy_render::extract_resource::extract_resource<render::lighting::WorldFullbright>""}",12330,0.000125,0.000584,0.029958,9044,0.000125,0.000625,0.041458
"system_commands{name=""bevy_render::extract_resource::extract_resource<render::lighting::WorldLighting>""}",12330,0.000167,0.001458,0.628458,9044,0.000209,0.001416,0.11
"system_commands{name=""bevy_render::extract_resource::extract_resource<render::lightning::LightningScene>""}",12330,0.000125,0.000583,0.057875,9044,0.000125,0.000625,0.197292
"system_commands{name=""bevy_render::extract_resource::extract_resource<render::media_screen::MediaScreenScene>""}",12330,0.000125,0.000584,0.03825,9044,0.000125,0.000625,0.071667
"system_commands{name=""bevy_render::extract_resource::extract_resource<render::nametag_render::NametagSceneResource>""}",12330,0.000125,0.000583,0.021125,9044,0.000167,0.000625,0.412833
"system_commands{name=""bevy_render::extract_resource::extract_resource<render::native_sunlight::AtmosphereViewInputs>""}",12330,0.000125,0.000708,0.488125,9044,0.000167,0.00075,0.075042
"system_commands{name=""bevy_render::extract_resource::extract_resource<render::panorama::PanoramaScene>""}",12330,0.000125,0.000542,0.02675,9044,0.000125,0.000584,0.261667
"system_commands{name=""bevy_render::extract_resource::extract_resource<render::particle_render::ParticleGpuFrame>""}",12330,0.000125,0.000584,0.084125,9044,0.000167,0.000584,0.079291
"system_commands{name=""bevy_render::extract_resource::extract_resource<render::primitive_shapes::PrimitiveShapesScene>""}",12330,0.000167,0.000667,0.069333,9044,0.000167,0.000666,0.066
"system_commands{name=""bevy_render::extract_resource::extract_resource<render::screen_overlay::ScreenOverlayScene>""}",12330,0.000125,0.000625,0.226833,9044,0.000166,0.000583,0.047084
"system_commands{name=""bevy_render::extract_resource::extract_resource<render::ui_render::UiRenderSceneResource>""}",12330,0.000125,0.000584,0.091583,9044,0.000166,0.000625,0.064167
"system_commands{name=""bevy_render::extract_resource::extract_resource<render::ui_render::glint::UiGlintSettings>""}",12330,0.000125,0.000625,0.204,9044,0.000167,0.000667,0.573625
"system_commands{name=""bevy_render::extract_resource::extract_resource<render::viewmodel::ViewmodelScene>""}",12330,0.000125,0.000542,0.045625,9044,0.000125,0.000607369999999988,0.142792
"system_commands{name=""bevy_render::extract_resource::extract_resource<render::visibility_diagnostics::VisibilityDiagnosticsInput>""}",12330,0.000125,0.000625,0.136791,9044,0.000167,0.000625,0.025125
"system_commands{name=""bevy_render::extract_resource::extract_resource<render::weather::PrecipitationScene>""}",12330,0.000125,0.000584,0.065334,9044,0.000125,0.000584,0.0695
"system_commands{name=""bevy_render::extract_resource::extract_resource<render::weather::WeatherTextureAssets>""}",12330,0.000125,0.000542,0.05975,9044,0.000125,0.000625,0.11
"system_commands{name=""bevy_render::globals::extract_frame_count""}",12330,0.000541,0.003416709999999999,0.642666,9044,0.000666,0.0037382499999999634,0.470542
"system_commands{name=""bevy_render::globals::extract_time""}",12330,0.000667,0.004958709999999999,0.059167,9044,0.000792,0.003541,1.203416
"system_commands{name=""bevy_render::render_asset::extract_render_asset<bevy_render::mesh::RenderMesh>""}",12330,0.001083,0.008296749999999891,0.6015,9044,0.001208,0.008190939999999987,0.400875
"system_commands{name=""bevy_render::render_asset::extract_render_asset<bevy_render::storage::GpuShaderStorageBuffer>""}",12330,0.001167,0.008738109999999964,0.337833,9044,0.001375,0.010029819999999964,0.395791
"system_commands{name=""bevy_render::render_asset::extract_render_asset<bevy_render::texture::gpu_image::GpuImage>""}",12330,0.001083,0.006404109999999964,0.38175,9044,0.00125,0.009946249999999964,0.316167
"system_commands{name=""bevy_render::view::cleanup_view_targets_for_resize""}",12330,0.000166,0.0021961099999999643,0.225917,9044,0.000208,0.0028807399999999763,0.160375
"system_commands{name=""bevy_render::view::prepare_view_targets""}",12330,0.005584,0.03030249999999978,6.762375,9044,0.007125,0.054523939999999986,0.608875
"system_commands{name=""bevy_render::view::prepare_view_uniforms""}",12330,0.00125,0.004584,3.027292,9045,0.001833,0.007792,4.786417
"system_commands{name=""bevy_render::view::window::screenshot::clear_screenshots""}",12330,0.000166,0.000625,0.008416,9044,0.000125,0.00075,0.008875
"system_commands{name=""bevy_render::view::window::screenshot::trigger_screenshots""}",12330,0.000166,0.000458,0.002541,9044,0.000167,0.000541,0.004458
"system_commands{name=""bevy_window::system::close_when_requested""}",12330,4.2e-05,0.000292,0.00675,9044,0.000125,0.0005233699999999881,0.002292
"system_commands{name=""bevy_winit::cursor::update_cursors""}",12331,0.000125,0.000459,0.001958,9045,0.000125,0.000584,0.008167
"system_commands{name=""render::chunk::extract::extract_chunk_render_instances""}",12330,0.000875,0.008446109999999963,0.702583,9044,0.001041,0.008517499999999928,0.589791
"system_commands{name=""render::chunk::gpu::bind_groups::prepare_chunk_texture_assets""}",12330,0.000208,0.0026961099999999643,6.454291,9044,0.00025,0.002398939999999988,2.582416
"system_commands{name=""render::chunk::gpu::upload::prepare_gpu_chunks""}",12330,0.000167,0.001792,0.289083,9045,0.000208,0.002666,1.210916
"system_commands{name=""render::chunk::queue::apply_chunk_render_queue""}",12331,0.000167,0.000583,0.00475,9045,0.000208,0.000667,0.005584
"system_commands{name=""render::chunk::transparent::gamma_pass::target::prepare_gamma_targets""}",12330,0.000166,0.0005,0.032042,9045,0.000209,0.000708,0.099334
"system_commands{name=""render::entity_shadow_render::prepare_shadow_views""}",12330,0.000125,0.000458,0.010667,9045,0.000208,0.00075,0.131667
"system_commands{name=""render::lighting::prepare""}",12330,0.000125,0.0005,0.023625,9045,0.000167,0.000583,0.015125
"system_commands{name=""render::surface_lifecycle::release_orphan_targets<bevy_render::view::ViewTarget>""}",12330,0.000167,0.000792,0.117833,9044,0.000167,0.000708,0.34525
"system_commands{name=""render::ui_render::composite::prepare_ui_layers""}",12330,0.001916,0.007196109999999964,0.068875,9045,0.002791,0.011958559999999998,1.661541
"system{name=""acceptance::model_witness::poll_model_witness_request""}",12331,0.000375,0.002,0.026125,9045,0.000417,0.0037315199999999786,0.032792
"system{name=""acceptance::transparent_witness::poll_transparent_witness_request""}",12331,0.000417,0.0019877000000000297,0.155125,9045,0.000459,0.0032735199999999786,0.133709
"system{name=""bedrock_client::acceptance::model_witness::drive_model_witness""}",12331,0.000375,0.0016667000000000008,0.124,9045,0.000459,0.002564959999999979,0.090583
"system{name=""bedrock_client::acceptance::world_ready::emit_world_ready""}",12331,0.011459,0.041291200000000305,0.690917,9045,0.013208,0.06586143999999994,0.587
"system{name=""bedrock_client::audio::predicted::drive_actor_audio""}",12331,0.00075,0.0032917000000000007,0.354208,9045,0.000917,0.0044815199999999784,0.195667
"system{name=""bedrock_client::audio::predicted::drive_block_cues""}",12331,0.001083,0.00475,0.098708,9045,0.00125,0.007125,0.192333
"system{name=""bedrock_client::audio::predicted::drive_consume_audio""}",12331,0.000542,0.003416,1.207709,9045,0.000666,0.004625,0.250459
"system{name=""bedrock_client::audio::synchronized::drain_actor_audio""}",12330,0.00025,0.001959,0.3085,9045,0.000375,0.003208,0.136666
"system{name=""bedrock_client::audio::systems::drive_ambience""}",12331,0.00375,0.019708700000000003,2.418583,9045,0.004667,0.024514999999999874,4.763833
"system{name=""bedrock_client::audio::systems::drive_inventory_audio""}",12331,0.000375,0.0025837000000000004,0.265542,9045,0.000458,0.004147959999999979,0.225167
"system{name=""bedrock_client::audio::systems::drive_local_motion""}",12331,0.000458,0.00973740000000003,0.367208,9045,0.000666,0.014647959999999979,0.666459
"system{name=""bedrock_client::audio::systems::drive_weather_and_particles""}",12331,0.001625,0.00798740000000003,0.045666,9045,0.001875,0.010981959999999978,0.263542
"system{name=""bedrock_client::audio::systems::ingest_audio_events""}",12331,0.001,0.0051001000000000605,0.07025,9045,0.001125,0.008069999999999937,0.253875
"system{name=""bedrock_client::block_entities::system::request_missing_maps""}",12330,0.000375,0.001708,0.03375,9045,0.000417,0.002792,0.145708
"system{name=""bedrock_client::block_entities::system::update_block_entity_scene""}",12330,0.0930835,0.3163862099999998,5.304708,9045,0.105,0.38478951999999966,3.901708
"system{name=""bedrock_client::block_selection::publish""}",12330,0.011083,0.03475,7.242667,9044,0.012208,0.046856939999999986,1.532875
"system{name=""bedrock_client::block_use::produce_block_use""}",12330,0.001,0.006738109999999964,0.06425,9045,0.001208,0.011481959999999979,1.122292
"system{name=""bedrock_client::camera::apply_runtime_camera_settings""}",12330,0.000167,0.000875,0.057625,9044,0.00025,0.001375,0.030416
"system{name=""bedrock_client::camera::facts::collect_portal_contact""}",12330,0.006792,0.020998319999999748,0.244,9044,0.00775,0.02955361999999995,1.377041
"system{name=""bedrock_client::camera::facts::collect_screen_effect_facts""}",12330,0.0015,0.008237819999999963,0.317708,9044,0.001792,0.010547309999999976,0.1385
"system{name=""bedrock_client::camera::facts::diagnose_portal""}",12330,0.000541,0.002167,1.012041,9044,0.000542,0.003047309999999976,0.252083
"system{name=""bedrock_client::camera::presentation::advance_presentation_state""}",12330,0.002625,0.012071109999999965,0.271334,9044,0.002959,0.014231939999999988,0.158917
"system{name=""bedrock_client::camera::presentation::apply_camera_presentation""}",12330,0.001875,0.007683929999999927,0.047125,9044,0.002041,0.010922309999999977,5.169167
"system{name=""bedrock_client::camera::presentation::collect_fov_inputs""}",12330,0.000958,0.0052791099999999645,0.137041,9044,0.001084,0.007815369999999988,0.084833
"system{name=""bedrock_client::camera::presentation::update_screen_overlays""}",12330,0.005833,0.024654109999999965,10.637917,9044,0.006292,0.03378024999999996,8.96075
"system{name=""bedrock_client::camera::update_cursor_capture""}",12330,0.0015,0.008375,1.411917,9044,0.001667,0.010314939999999988,0.636042
"system{name=""bedrock_client::camera::update_look""}",12330,0.000625,0.003583,0.123791,9044,0.000708,0.005209,0.153584
"system{name=""bedrock_client::camera::update_movement""}",12330,0.000667,0.0034048199999999634,0.077958,9044,0.000792,0.005488249999999964,0.240875
"system{name=""bedrock_client::camera::update_perspective""}",12330,0.000167,0.000792,0.035834,9044,0.000167,0.001041,0.139041
"system{name=""bedrock_client::developer_control::camera::drive_camera""}",12330,0.000875,0.003583,0.031875,9044,0.000958,0.004791,0.122917
"system{name=""bedrock_client::developer_control::capture::record_frame""}",12331,0.000417,0.001375,0.004625,9045,0.000541,0.001917,0.004
"system{name=""bedrock_client::developer_control::capture::step_fixed_clock""}",12331,0.000208,0.00175,0.016709,9045,0.00025,0.0024585599999999994,0.017584
"system{name=""bedrock_client::developer_control::dispatch""}",12330,0.0015,0.004209,2.072958,9044,0.001583,0.00475,2.7415
"system{name=""bedrock_client::developer_control::input::apply_look""}",12330,0.000209,0.001125,0.0525,9044,0.000291,0.001565369999999988,0.066417
"system{name=""bedrock_client::developer_control::input::inject""}",12330,0.001167,0.012571819999999963,0.908916,9044,0.00125,0.010571249999999964,1.533833
"system{name=""bedrock_client::developer_control::state::poll_waits""}",12330,0.000834,0.002292,0.015084,9044,0.001,0.003065369999999988,0.020042
"system{name=""bedrock_client::environment::atmosphere::update_atmosphere_frame""}",12331,0.014958,0.049175000000000184,0.963833,9045,0.0165,0.06736155999999995,0.720125
"system{name=""bedrock_client::environment::diagnostics::log_world_lighting""}",12331,0.000459,0.0021667000000000006,0.42475,9045,0.000542,0.005135079999999914,0.391
"system{name=""bedrock_client::environment::seasonal_foliage::update_seasonal_foliage""}",12331,0.000334,0.002958,0.030375,9045,0.000417,0.004504919999999958,0.919083
"system{name=""bedrock_client::environment::weather::update_lightning""}",12331,0.000417,0.0023081000000000603,0.120083,9045,0.0005,0.004314959999999979,0.054667
"system{name=""bedrock_client::environment::weather::update_precipitation_scene""}",12331,0.003,0.014875,1.102625,9045,0.003208,0.022564959999999978,0.576625
"system{name=""bedrock_client::fullscreen::apply_runtime_fullscreen_setting""}",12330,0.000458,0.002,0.179208,9044,0.000459,0.002731939999999988,0.040917
"system{name=""bedrock_client::fullscreen::toggle_fullscreen_hotkey""}",12330,0.000417,0.001917,0.048083,9044,0.000459,0.0032915699999999997,0.1175
"system{name=""bedrock_client::global_resources::drive""}",12330,0.003042,0.014488109999999964,0.468583,9044,0.003375,0.01735736999999999,3.218709
"system{name=""bedrock_client::hotbar::select_hotbar_slot""}",12330,0.001125,0.006112819999999963,0.265834,9044,0.001292,0.009047309999999977,0.048125
"system{name=""bedrock_client::hud_tools::debug_overlay::publish_debug_overlay""}",12330,0.001041,0.004917,0.475792,9045,0.001125,0.008167,0.30175
"system{name=""bedrock_client::hud_tools::screenshot::capture_on_key""}",12330,0.001708,0.008709,0.041167,9044,0.001834,0.011,6.692542
"system{name=""bedrock_client::hud_tools::screenshot::report_saved""}",12330,0.000875,0.005375,0.111875,9044,0.000958,0.00733357,0.15975
"system{name=""bedrock_client::hud_tools::screenshot::spawn_frame_capture""}",12331,0.000167,0.0007917000000000008,0.088917,9045,0.000209,0.0012319599999999792,0.080875
"system{name=""bedrock_client::item_use::produce_item_use""}",12330,0.000958,0.006708709999999999,0.221708,9045,0.001125,0.009694999999999936,0.311916
"system{name=""bedrock_client::local_player::publish_local_player_frame""}",12330,0.0015,0.008385499999999782,0.416583,9044,0.001708,0.010631309999999975,0.570833
"system{name=""bedrock_client::local_player::resolve_camera_pose""}",12330,0.001375,0.006654109999999964,1.301333,9044,0.001625,0.00872018999999995,0.074
"system{name=""bedrock_client::local_worlds::pause_on_focus""}",12330,0.0015,0.008404109999999965,0.118125,9044,0.001833,0.010690369999999987,0.748542
"system{name=""bedrock_client::local_worlds::pump_local_worlds""}",12330,0.00125,0.007083,0.04575,9044,0.001291,0.010565509999999988,0.158666
"system{name=""bedrock_client::melee::produce_melee""}",12330,0.001042,0.007433929999999927,0.086875,9045,0.001334,0.011814959999999979,0.491375
"system{name=""bedrock_client::menu::drive_menu_services""}",12330,0.009417,0.02896949999999978,1.157792,9044,0.009917,0.048291439999999915,1.347083
"system{name=""bedrock_client::menu::input::drive_menu_input""}",12330,0.001875,0.0085,0.229584,9044,0.002042,0.011821249999999964,1.838792
"system{name=""bedrock_client::menu::video_settings::persist_video_settings""}",12330,0.000416,0.0017087099999999991,0.048958,9044,0.000458,0.003356939999999988,0.219917
"system{name=""bedrock_client::movement::prediction_sync::send_movement_prediction_sync""}",12330,0.00075,0.003667,0.040292,9045,0.001041,0.006898519999999979,0.102542
"system{name=""bedrock_client::movement::runtime_system::advance_local_physics""}",12330,0.006458,0.27321642999999923,3.777334,9044,0.008583,0.3556949999999997,10.156625
"system{name=""bedrock_client::named_audio::drain_live_named_audio""}",12331,0.002166,0.005833,0.012333,9045,0.002792,0.008,0.015125
"system{name=""bedrock_client::particles::drive::drive_particles""}",12331,0.04375,0.5736039000000002,5.7985,9045,0.052166,0.6484914399999994,5.300459
"system{name=""bedrock_client::pick_block::produce_pick_block""}",12330,0.008583,0.03205963999999993,3.573584,9045,0.01025,0.04778347999999989,1.532167
"system{name=""bedrock_client::present_mode::apply_runtime_vsync_setting""}",12331,0.000292,0.001375,0.097291,9045,0.000375,0.002416,0.129667
"system{name=""bedrock_client::primitive_shapes::publish""}",12330,0.001917,0.006904109999999964,0.11075,9045,0.002125,0.011463479999999958,0.168875
"system{name=""bedrock_client::render_mode::apply_menu_render_mode""}",12330,0.000583,0.003541709999999999,0.044958,9044,0.000625,0.004292,0.192041
"system{name=""bedrock_client::render_mode::apply_render_mode_to_cameras""}",12330,0.000709,0.004779109999999964,0.107,9044,0.000834,0.005916,1.207792
"system{name=""bedrock_client::render_mode::sync_enhanced_bloom""}",12330,0.000334,0.001459,0.048417,9044,0.000416,0.002273369999999988,0.043875
"system{name=""bedrock_client::runtime::frame_profile::flush_trace_on_exit""}",12331,0.000167,0.0009457000000000298,0.037791,9045,0.000208,0.001208,0.022875
"system{name=""bedrock_client::runtime::frame_profile::trace_frame_focus""}",12330,0.001917,0.04066388999999698,0.787125,9044,0.00225,0.06774399999999986,1.990625
"system{name=""bedrock_client::runtime::frame_profile::track_frame_interval""}",12330,0.0005,0.0029048199999999634,0.085791,9044,0.000542,0.03945212999999994,0.090333
"system{name=""bedrock_client::runtime::network::actor_publication::prepare_actor_render_frame""}",12330,0.042125,0.2215152799999994,13.789625,9044,0.054479,0.32870424999999925,4.413667
"system{name=""bedrock_client::runtime::network::actor_publication::publish_entity_shadows""}",12330,0.001708,0.010112819999999963,3.78375,9045,0.001916,0.01354156,0.234958
"system{name=""bedrock_client::runtime::network::pack_reload::reload_resource_packs""}",12330,0.001375,0.006792,0.111709,9044,0.0015,0.010690509999999988,1.245125
"system{name=""bedrock_client::runtime::network::receive_network_events""}",12330,0.006125,0.09901624999999968,2.054208,9044,0.006834,0.11908230999999983,22.478792
"system{name=""bedrock_client::runtime::phase3_evidence::emit_phase3_evidence""}",12330,0.000708,0.004071109999999964,0.4165,9045,0.000875,0.009421479999999958,0.071166
"system{name=""bedrock_client::runtime::publication::begin_publication_frame""}",12330,0.001042,0.0052669299999999275,0.707666,9044,0.001084,0.00945857,0.523833
"system{name=""bedrock_client::runtime::shutdown::exit_on_fatal_runtime_error""}",12331,0.000167,0.001167,0.102208,9045,0.000208,0.002041,0.038875
"system{name=""bedrock_client::runtime::shutdown::exit_on_window_close_requested""}",12330,0.000208,0.001333709999999999,0.144833,9044,0.000209,0.002256309999999976,0.168375
"system{name=""bedrock_client::runtime::shutdown::finish_acceptance_run""}",12331,0.000709,0.003167,0.137542,9045,0.000833,0.004856519999999979,0.201333
"system{name=""bedrock_client::runtime::telemetry::publish_runtime_stage_profile""}",12331,0.000334,0.001417,0.035834,9045,0.000375,0.002042,0.064833
"system{name=""bedrock_client::runtime::telemetry::record_metrics""}",12331,0.00575,0.056962500000000096,0.823791,9045,0.006459,0.069542,2.751541
"system{name=""bedrock_client::runtime::telemetry::send_player_auth_inputs""}",12330,0.001292,0.013417,5.521833,9045,0.001542,0.022481959999999978,5.413625
"system{name=""bedrock_client::runtime::telemetry::update_visibility_diagnostics""}",12331,0.000375,0.003333,0.154208,9045,0.000541,0.004713479999999957,5.562167
"system{name=""bedrock_client::runtime::visibility::refresh_cave_visibility""}",12331,0.000708,0.0037374000000000305,0.119166,9045,0.000875,0.006648519999999979,0.139042
"system{name=""bedrock_client::runtime::world::committed_ui::drain_committed_ui_before_authority""}",12330,0.004292,0.018279819999999964,0.638709,9044,0.004875,0.025881309999999973,0.260958
"system{name=""bedrock_client::runtime::world::dimension::advance_dimension_transfer""}",12330,0.000708,0.004225929999999927,0.043,9044,0.00075,0.005047879999999976,0.137666
"system{name=""bedrock_client::runtime::world::drive_world_stream""}",12330,0.0055,0.017195819999999966,0.966542,9044,0.005875,0.025975499999999926,1.132875
"system{name=""bedrock_client::runtime::world::reconcile_world_stream_before_physics""}",12330,0.014208,0.050755749999999884,5.051917,9044,0.015416,0.07074943999999991,1.799542
"system{name=""bedrock_client::runtime::world::shutdown_watchdog::arm_shutdown_watchdog""}",12331,0.00025,0.002333,4.922666,9045,0.000333,0.0035,0.185458
"system{name=""bedrock_client::runtime::world::update_camera_medium""}",12331,0.016291,0.056125,0.591084,9045,0.019208,0.07960651999999999,0.760292
"system{name=""bedrock_client::semantic_controls::physical::collect_raw_input""}",12330,0.003125,0.017796749999999893,0.430375,9044,0.003416,0.022785129999999938,6.739833
"system{name=""bedrock_client::semantic_controls::physical::finalize_semantic_input_after_ui_authority""}",12330,0.006917,0.02070871,1.02325,9044,0.007333,0.02945857,0.432375
"system{name=""bedrock_client::semantic_controls::physical::route_semantic_input""}",12330,0.002583,0.012821109999999964,0.418334,9044,0.002708,0.015916,0.6095
"system{name=""bedrock_client::semantic_controls::synchronize_semantic_input_authority""}",12330,0.002042,0.012433929999999928,0.924792,9044,0.002416,0.014125,1.982583
"system{name=""bedrock_client::server_experiences::driver::drive""}",12330,0.002916,0.012350639999999927,0.950958,9044,0.003125,0.01589893999999999,0.285416
"system{name=""bedrock_client::server_experiences::driver::present_media""}",12330,0.000583,0.001584,0.011458,9044,0.000666,0.002,0.003834
"system{name=""bedrock_client::server_experiences::input::consume""}",12330,0.000458,0.001209,0.014584,9044,0.0005,0.001667,0.00375
"system{name=""bedrock_client::server_experiences::input::ordinary_input""}",73980,0.000125,0.000583,0.03775,54264,0.000125,0.000709,0.411375
"system{name=""bedrock_client::session::drive_session""}",12330,0.001042,0.005238109999999964,0.467167,9044,0.001125,0.007208,0.755875
"system{name=""bedrock_client::session::follow_server_transfer""}",12331,0.000584,0.003,0.118458,9045,0.00075,0.004689959999999979,0.050166
"system{name=""bedrock_client::session::recover_session_failure""}",12331,0.00025,0.0013207000000000299,0.044417,9045,0.000333,0.002583,0.043
"system{name=""bedrock_client::session_audio::drain_sequenced_audio_into_session""}",12331,0.001125,0.004708,0.267625,9045,0.001333,0.007454519999999852,0.860708
"system{name=""bedrock_client::settings_runtime::apply_window_settings""}",12330,0.00025,0.00225,0.458084,9044,0.000334,0.00325,0.053208
"system{name=""bedrock_client::settings_runtime::render_distance::apply_render_distance""}",12330,0.000375,0.001625,0.079625,9044,0.000416,0.00225,0.121375
"system{name=""bedrock_client::store::driver::drive_store""}",12330,0.001375,0.006167,0.262125,9044,0.001459,0.010095189999999952,2.97675
"system{name=""bedrock_client::survival_mining::produce_survival_mining""}",12330,0.001834,0.009243569999999854,0.103875,9045,0.002167,0.013041559999999999,0.110541
"system{name=""bedrock_client::ui_runtime::drain_inventory_authority""}",12330,0.000916,0.002916709999999999,0.418041,9044,0.001042,0.00475,0.391375
"system{name=""bedrock_client::ui_runtime::emotes::cancel_emote_from_gameplay""}",12330,0.000166,0.000834,0.088333,9044,0.000167,0.001125,0.071333
"system{name=""bedrock_client::ui_runtime::emotes::drive_emote_input""}",12330,0.004416,0.017404819999999963,0.320709,9044,0.004959,0.025196249999999965,2.1965
"system{name=""bedrock_client::ui_runtime::forms::interaction::drive_server_form_input""}",12330,0.001125,0.006042,0.087958,9044,0.00125,0.008982369999999988,0.390583
"system{name=""bedrock_client::ui_runtime::forms::network::flush_server_form_network""}",12330,0.000958,0.005070819999999963,0.142958,9045,0.001042,0.008648519999999979,0.315
"system{name=""bedrock_client::ui_runtime::gameplay_touch::drive_gameplay_touch_targets""}",12330,0.00025,0.001459,0.02475,9044,0.000333,0.002,0.123083
"system{name=""bedrock_client::ui_runtime::interaction::chat::drive_chat_ui_actions""}",12330,0.000667,0.003083,0.027125,9044,0.000791,0.004625,0.401791
"system{name=""bedrock_client::ui_runtime::interaction::drive_chat_keyboard_input""}",12330,0.003958,0.017225929999999928,10.683542,9044,0.004625,0.02431593999999999,1.217041
"system{name=""bedrock_client::ui_runtime::interaction::drive_inventory_ui_actions""}",12330,0.001083,0.004958,0.047833,9044,0.001125,0.006231939999999988,0.392334
"system{name=""bedrock_client::ui_runtime::interaction::drive_world_inventory_keys""}",12330,0.010833,0.03477910999999997,1.640584,9044,0.011834,0.04720255999999994,0.946166
"system{name=""bedrock_client::ui_runtime::interaction::flush_chat_network""}",12330,0.000667,0.003279109999999964,0.050375,9044,0.000833,0.00566657,0.116542
"system{name=""bedrock_client::ui_runtime::interaction::flush_inventory_network""}",12330,0.001417,0.005458,0.086,9045,0.001584,0.009236439999999938,0.184167
"system{name=""bedrock_client::ui_runtime::presentation::forms::panorama::drive_menu_panorama""}",12331,0.000917,0.005417,0.383125,9045,0.001083,0.009041559999999999,0.49975
"system{name=""bedrock_client::ui_runtime::presentation::gui_scale_settings::apply_gui_scale_setting""}",12330,0.001042,0.004125,2.961125,9044,0.001167,0.007232369999999988,0.596875
"system{name=""bedrock_client::ui_runtime::presentation::publish::commit::publish_ui_runtime""}",12330,0.182875,0.4828333199999989,7.817416,9045,0.204792,0.6869769999999995,4.605083
"system{name=""bedrock_client::ui_runtime::presentation::publish::observe_mount_jump_input""}",12330,0.000167,0.000875,0.0295,9045,0.000208,0.0015,0.033583
"system{name=""bedrock_client::ui_runtime::presentation::publish::prepare_ui_runtime""}",12330,0.027584,0.08847592999999992,6.652708,9045,0.030041,0.14714851999999998,13.232291
"system{name=""bedrock_client::ui_runtime::scene_stack::close_scenes_on_player_hurt""}",12330,0.000333,0.001417,0.258209,9044,0.000375,0.002398939999999988,0.351
"system{name=""bedrock_client::ui_runtime::sign_editor::input::drive_sign_editor""}",12330,0.000917,0.005208709999999999,0.193666,9044,0.001041,0.006875,1.257208
"system{name=""bedrock_client::window_icon::apply""}",12330,0.000167,0.0005837099999999991,0.011333,9044,0.000167,0.000625,0.00425
"system{name=""bevy_anti_alias::fxaa::prepare_fxaa_pipelines""}",12330,0.001167,0.004404109999999965,0.048,9045,0.0015,0.006689959999999979,0.916083
"system{name=""bevy_app::task_pool_plugin::tick_global_task_pools""}",12331,0.001791,0.002917,0.012583,9045,0.001833,0.003375,0.005416
"system{name=""bevy_asset::assets::Assets<()>::asset_events_condition""}",12331,0.000167,0.000583,0.073959,9045,0.000208,0.00075,0.219584
"system{name=""bevy_asset::assets::Assets<()>::track_assets""}",12330,0.000542,0.011459,0.51925,9044,0.000584,0.010273939999999988,0.540333
"system{name=""bevy_asset::assets::Assets<bevy_asset::assets::LoadedUntypedAsset>::asset_events_condition""}",12331,0.000208,0.000709,0.061375,9045,0.00025,0.001,0.057
"system{name=""bevy_asset::assets::Assets<bevy_asset::assets::LoadedUntypedAsset>::track_assets""}",12330,0.000625,0.016475929999999927,0.951041,9044,0.000667,0.015155249999999964,0.252375
"system{name=""bevy_asset::assets::Assets<bevy_asset::folder::LoadedFolder>::asset_events_condition""}",12331,0.000209,0.000792,0.529959,9045,0.00025,0.000958,0.047667
"system{name=""bevy_asset::assets::Assets<bevy_asset::folder::LoadedFolder>::track_assets""}",12330,0.000958,0.013654819999999963,0.187166,9044,0.000959,0.01366657,0.215959
"system{name=""bevy_asset::assets::Assets<bevy_image::image::Image>::asset_events_condition""}",12331,0.000167,0.000584,0.032541,9045,0.000208,0.000792,0.204958
"system{name=""bevy_asset::assets::Assets<bevy_image::image::Image>::track_assets""}",12330,0.000958,0.011808929999999928,0.094334,9044,0.001041,0.013523939999999988,1.107833
"system{name=""bevy_asset::assets::Assets<bevy_mesh::mesh::Mesh>::asset_events_condition""}",12331,0.000167,0.000584,0.0575,9045,0.000208,0.0009399599999999791,0.024292
"system{name=""bevy_asset::assets::Assets<bevy_mesh::mesh::Mesh>::track_assets""}",12330,0.0005,0.010458,0.161042,9044,0.000583,0.01130318999999995,0.300375
"system{name=""bevy_asset::assets::Assets<bevy_mesh::skinning::SkinnedMeshInverseBindposes>::asset_events_condition""}",12331,0.000167,0.000667,0.132625,9045,0.00025,0.000875,0.065917
"system{name=""bevy_asset::assets::Assets<bevy_mesh::skinning::SkinnedMeshInverseBindposes>::track_assets""}",12330,0.001125,0.01083371,0.06125,9044,0.001209,0.01128555999999994,0.328125
"system{name=""bevy_asset::assets::Assets<bevy_render::storage::ShaderStorageBuffer>::asset_events_condition""}",12331,0.000208,0.0007087000000000007,0.029375,9045,0.00025,0.001,0.106625
"system{name=""bevy_asset::assets::Assets<bevy_render::storage::ShaderStorageBuffer>::track_assets""}",12330,0.000916,0.016154819999999966,0.592208,9044,0.000958,0.018613249999999963,0.227209
"system{name=""bevy_asset::assets::Assets<bevy_shader::shader::Shader>::asset_events_condition""}",12331,0.000208,0.000792,0.025,9045,0.00025,0.001084,1.50775
"system{name=""bevy_asset::assets::Assets<bevy_shader::shader::Shader>::track_assets""}",12330,0.000667,0.016272679999999817,0.143084,9044,0.000709,0.014792,0.222791
"system{name=""bevy_asset::server::handle_internal_asset_events""}",12330,0.0015,0.004208,0.009958,9044,0.001666,0.005084,0.016459
"system{name=""bevy_asset::server::publish_asset_server_diagnostics""}",12330,0.001375,0.016613109999999966,0.2095,9044,0.001375,0.016726069999999926,2.827875
"system{name=""bevy_camera::visibility::calculate_bounds""}",12331,0.001792,0.00786270000000003,0.106083,9045,0.002083,0.011292,0.209042
"system{name=""bevy_camera::visibility::check_visibility""}",12331,0.031625,0.44478750000000267,10.463375,9045,0.042833,0.6165535599999986,12.629584
"system{name=""bevy_camera::visibility::mark_newly_hidden_entities_invisible""}",12331,0.006625,0.10454550000000008,12.231042,9045,0.008167,0.19711199999999834,19.328958
"system{name=""bevy_camera::visibility::range::check_visibility_ranges""}",12331,0.000542,0.003,0.113125,9045,0.000708,0.004666559999999999,0.411541
"system{name=""bevy_camera::visibility::reset_view_visibility""}",12331,0.015375,0.213258000000002,9.842875,9045,0.019584,0.3004249599999985,10.846167
"system{name=""bevy_camera::visibility::update_frusta""}",12331,0.0015,0.0064044000000000306,1.268916,9045,0.001625,0.009148519999999978,0.294625
"system{name=""bevy_camera::visibility::visibility_propagate_system""}",12331,0.002875,0.00990370000000003,0.67675,9045,0.003084,0.015199919999999895,0.262708
"system{name=""bevy_core_pipeline::core_2d::extract_core_2d_camera_phases""}",12330,0.001083,0.012083,0.246292,9044,0.001167,0.009314939999999987,0.58325
"system{name=""bevy_core_pipeline::core_2d::prepare_core_2d_depth_textures""}",12330,0.000917,0.003446109999999964,0.126,9045,0.001125,0.005481959999999979,0.098291
"system{name=""bevy_core_pipeline::core_3d::check_msaa""}",12331,0.0005,0.002125,0.031083,9045,0.000583,0.003022959999999979,0.167209
"system{name=""bevy_core_pipeline::core_3d::configure_occlusion_culling_view_targets""}",12330,0.000542,0.00275,0.043333,9044,0.000708,0.004857369999999988,0.121834
"system{name=""bevy_core_pipeline::core_3d::extract_camera_prepass_phase""}",12330,0.002458,0.021446819999999964,0.795041,9044,0.002667,0.021773939999999988,0.236167
"system{name=""bevy_core_pipeline::core_3d::extract_core_3d_camera_phases""}",12330,0.0025,0.020070819999999965,0.308125,9044,0.002791,0.022297309999999973,0.27875
"system{name=""bevy_core_pipeline::core_3d::prepare_core_3d_depth_textures""}",12330,0.005167,0.02301721999999993,0.53325,9045,0.006833,0.03589795999999998,0.316458
"system{name=""bevy_core_pipeline::core_3d::prepare_core_3d_transmission_textures""}",12330,0.000875,0.003833,0.039875,9045,0.001166,0.005606519999999979,0.121625
"system{name=""bevy_core_pipeline::core_3d::prepare_prepass_textures""}",12330,0.001042,0.004,0.202375,9045,0.001291,0.005875,0.258917
"system{name=""bevy_core_pipeline::deferred::copy_lighting_id::prepare_deferred_lighting_id_textures""}",12330,0.000416,0.0015,0.039917,9045,0.0005,0.002147959999999979,0.121167
"system{name=""bevy_core_pipeline::experimental::mip_generation::create_downsample_depth_pipelines""}",12330,0.000291,0.001208,0.06025,9045,0.000375,0.001791,0.608125
"system{name=""bevy_core_pipeline::experimental::mip_generation::prepare_downsample_depth_view_bind_groups""}",12330,0.000667,0.003208,3.311375,9045,0.000875,0.005856959999999979,0.144666
"system{name=""bevy_core_pipeline::experimental::mip_generation::prepare_view_depth_pyramids""}",12330,0.000542,0.002959,0.16,9045,0.000791,0.004231519999999979,0.246792
"system{name=""bevy_core_pipeline::oit::check_msaa""}",12330,0.000375,0.004113109999999964,1.252916,9044,0.000375,0.003857369999999988,0.133458
"system{name=""bevy_core_pipeline::oit::configure_depth_texture_usages""}",12331,0.001042,0.005487700000000029,0.307041,9045,0.00125,0.008690519999999978,0.159458
"system{name=""bevy_core_pipeline::oit::prepare_oit_buffers""}",12330,0.001125,0.004292,0.465542,9045,0.001375,0.007005039999999957,0.140208
"system{name=""bevy_core_pipeline::oit::resolve::prepare_oit_resolve_bind_group""}",12330,0.009083,0.044248609999999744,1.672625,9045,0.012,0.06345047999999989,1.1935
"system{name=""bevy_core_pipeline::oit::resolve::queue_oit_resolve_pipeline""}",12330,0.000958,0.004041709999999999,0.216375,9045,0.001208,0.007292,0.430542
"system{name=""bevy_core_pipeline::skybox::prepare_skybox_bind_groups""}",12330,0.000791,0.003334,0.086584,9045,0.000958,0.006200039999999894,0.166791
"system{name=""bevy_core_pipeline::skybox::prepare_skybox_pipelines""}",12330,0.000708,0.002542,0.121708,9045,0.000833,0.004209,1.365792
"system{name=""bevy_core_pipeline::skybox::prepass::prepare_skybox_prepass_bind_groups""}",12330,0.000584,0.0026961099999999643,0.049291,9045,0.000792,0.0039395199999999785,0.421917
"system{name=""bevy_core_pipeline::skybox::prepass::prepare_skybox_prepass_pipelines""}",12330,0.000583,0.0022917099999999993,0.060584,9045,0.00075,0.0029399599999999793,0.302625
"system{name=""bevy_core_pipeline::tonemapping::prepare_view_tonemapping_pipelines""}",12330,0.001083,0.004125,0.057416,9045,0.001334,0.006273519999999979,0.065875
"system{name=""bevy_core_pipeline::upscaling::prepare_view_upscaling_pipelines""}",12330,0.001708,0.006625,0.265041,9045,0.002458,0.010171479999999958,0.3865
"system{name=""bevy_diagnostic::frame_count_diagnostics_plugin::update_frame_count""}",12331,0.000208,0.000917,10.438958,9045,0.000209,0.00125,1.014833
"system{name=""bevy_ecs::message::update::signal_message_update_system""}",7685,0.000167,0.001875,0.15975,7687,0.000208,0.002417,0.515583
"system{name=""bevy_ecs::schedule::condition::common_conditions::resource_exists<bevy_core_pipeline::experimental::mip_generation::DownsampleDepthPipelines>""}",12330,0.000208,0.00075,0.03525,9045,0.000291,0.001,0.042917
"system{name=""bevy_ecs::schedule::condition::common_conditions::resource_exists<bevy_diagnostic::diagnostic::DiagnosticsStore>""}",12330,0.000166,0.000583,0.001084,9044,0.000167,0.000583,0.003458
"system{name=""bevy_input::gamepad::gamepad_connection_system""}",12330,0.0005,0.0045837099999999995,0.127,9044,0.0005,0.003356939999999988,0.0675
"system{name=""bevy_input::gamepad::gamepad_event_processing_system""}",12330,0.000834,0.005917,0.067875,9044,0.000917,0.005589309999999976,0.072334
"system{name=""bevy_input::keyboard::keyboard_input_system""}",12330,0.000584,0.004833709999999999,0.04,9044,0.000625,0.004606939999999987,0.476875
"system{name=""bevy_input::mouse::accumulate_mouse_motion_system""}",12330,0.000167,0.0011667099999999992,0.032583,9044,0.000208,0.001107369999999988,0.166084
"system{name=""bevy_input::mouse::accumulate_mouse_scroll_system""}",12330,0.00025,0.001333,0.030041,9044,0.00025,0.0015239399999999877,0.05375
"system{name=""bevy_input::mouse::mouse_button_input_system""}",12330,0.000375,0.0035,0.128541,9044,0.000375,0.0025,0.036084
"system{name=""bevy_input::touch::touch_screen_input_system""}",12330,0.0005,0.004208709999999999,0.265833,9044,0.000459,0.003292,0.089458
"system{name=""bevy_mesh::components::mark_3d_meshes_as_changed_if_their_assets_changed""}",12331,0.00075,0.00532070000000003,0.198416,9045,0.000916,0.006963039999999958,0.134375
"system{name=""bevy_post_process::bloom::downsampling_pipeline::prepare_downsampling_pipeline""}",12330,0.000417,0.001917,0.042458,9045,0.000583,0.002792,0.053541
"system{name=""bevy_post_process::bloom::prepare_bloom_bind_groups""}",12330,0.000625,0.002583,0.055625,9045,0.000833,0.003944999999999936,0.397792
"system{name=""bevy_post_process::bloom::prepare_bloom_textures""}",12330,0.0005,0.001833,1.479958,9045,0.000584,0.002814959999999979,0.710292
"system{name=""bevy_post_process::bloom::upsampling_pipeline::prepare_upsampling_pipeline""}",12330,0.000459,0.002084,0.556583,9045,0.000583,0.003083,0.128167
"system{name=""bevy_post_process::dof::configure_depth_of_field_view_targets""}",12330,0.000417,0.001833,0.036,9044,0.000459,0.002583,0.0975
"system{name=""bevy_post_process::dof::extract_depth_of_field_settings""}",12330,0.000666,0.007975929999999928,0.081875,9044,0.00075,0.005667,0.218416
"system{name=""bevy_post_process::dof::prepare_auxiliary_depth_of_field_textures""}",12330,0.000542,0.0028337099999999993,0.058,9044,0.000708,0.005564939999999988,0.163542
"system{name=""bevy_post_process::dof::prepare_depth_of_field_global_bind_group""}",12330,0.000375,0.0015,0.08475,9045,0.000417,0.0019399599999999793,0.11275
"system{name=""bevy_post_process::dof::prepare_depth_of_field_pipelines""}",12330,0.000833,0.003084,3.36975,9045,0.001,0.004564959999999979,0.065333
"system{name=""bevy_post_process::dof::prepare_depth_of_field_view_bind_group_layouts""}",12330,0.000459,0.002125,0.058334,9045,0.000625,0.0033979599999999794,0.157209
"system{name=""bevy_post_process::effect_stack::prepare_post_processing_pipelines""}",12330,0.000459,0.002166,0.058542,9045,0.000584,0.0034399599999999793,0.043292
"system{name=""bevy_post_process::effect_stack::prepare_post_processing_uniforms""}",12330,0.000666,0.00275,0.1545,9045,0.000833,0.003917,0.11075
"system{name=""bevy_post_process::motion_blur::pipeline::prepare_motion_blur_pipelines""}",12330,0.000625,0.002625,0.055916,9045,0.000791,0.003708,1.2695
"system{name=""bevy_post_process::msaa_writeback::prepare_msaa_writeback_pipelines""}",12330,0.000792,0.003292,0.082875,9045,0.000958,0.004417,0.175417
"system{name=""bevy_render::apply_extract_commands""}",12330,0.062667,0.2730928199999995,22.895791,9044,0.080542,0.48050799999999927,23.260125
"system{name=""bevy_render::batching::gpu_preprocessing::clear_indirect_parameters_buffers""}",12330,0.000208,0.001125,0.030875,9044,0.00025,0.001042,0.102875
"system{name=""bevy_render::batching::gpu_preprocessing::write_indirect_parameters_buffers""}",12330,0.001708,0.006583709999999999,0.388083,9045,0.002208,0.008958559999999999,0.642542
"system{name=""bevy_render::camera::camera_system""}",12331,0.003375,0.01773770000000003,0.663458,9045,0.00425,0.03160695999999998,0.77125
"system{name=""bevy_render::camera::extract_cameras""}",12330,0.009125,0.05272592999999993,0.515875,9044,0.009417,0.06058930999999997,7.611542
"system{name=""bevy_render::camera::sort_cameras""}",12330,0.002625,0.016375,0.15775,9044,0.003209,0.020196249999999964,1.671333
"system{name=""bevy_render::extract_component::extract_components<bevy_anti_alias::fxaa::Fxaa>""}",12330,0.001583,0.015160569999999854,0.253209,9044,0.00175,0.013523939999999988,0.262667
"system{name=""bevy_render::extract_component::extract_components<bevy_camera::camera::CameraMainTextureUsages>""}",12330,0.000708,0.01033371,0.121833,9044,0.000791,0.006440369999999988,0.193959
"system{name=""bevy_render::extract_component::extract_components<bevy_camera::components::Camera2d>""}",12330,0.000709,0.007362819999999963,0.092166,9044,0.000792,0.0065473099999999755,0.169833
"system{name=""bevy_render::extract_component::extract_components<bevy_camera::components::Camera3d>""}",12330,0.000958,0.011988109999999963,0.271583,9044,0.001041,0.009148939999999987,0.559875
"system{name=""bevy_render::extract_component::extract_components<bevy_core_pipeline::oit::OrderIndependentTransparencySettings>""}",12330,0.000791,0.008958,0.125125,9044,0.000875,0.006005879999999976,0.246167
"system{name=""bevy_render::extract_component::extract_components<bevy_core_pipeline::skybox::Skybox>""}",12330,0.000875,0.010767219999999928,0.10425,9044,0.000958,0.007880879999999976,1.470959
"system{name=""bevy_render::extract_component::extract_components<bevy_core_pipeline::tonemapping::DebandDither>""}",12330,0.000958,0.011,0.197917,9044,0.001042,0.008541,0.120125
"system{name=""bevy_render::extract_component::extract_components<bevy_core_pipeline::tonemapping::Tonemapping>""}",12330,0.00075,0.00975,0.240209,9044,0.000834,0.00666657,0.158958
"system{name=""bevy_render::extract_component::extract_components<bevy_post_process::bloom::settings::Bloom>""}",12330,0.00075,0.007904109999999964,0.181625,9044,0.000833,0.007678189999999951,0.135125
"system{name=""bevy_render::extract_component::extract_components<bevy_post_process::effect_stack::ChromaticAberration>""}",12330,0.000916,0.011350929999999928,0.106083,9044,0.001125,0.010106939999999988,0.381125
"system{name=""bevy_render::extract_component::extract_components<bevy_post_process::motion_blur::MotionBlur>""}",12330,0.000792,0.009375,0.121125,9044,0.000917,0.007481939999999987,0.705625
"system{name=""bevy_render::extract_component::extract_components<bevy_render::experimental::occlusion_culling::OcclusionCulling>""}",12330,0.000667,0.010071109999999965,0.308,9044,0.00075,0.005088879999999976,0.193583
"system{name=""bevy_render::extract_component::extract_components<bevy_render::gpu_readback::Readback>""}",12330,0.000791,0.010767639999999926,0.223833,9044,0.000875,0.011089309999999976,0.391166
"system{name=""bevy_render::extract_component::extract_components<bevy_render::view::Hdr>""}",12330,0.000625,0.008654819999999962,1.799458,9044,0.000708,0.0066962499999999635,0.075416
"system{name=""bevy_render::extract_component::extract_components<bevy_render::view::Msaa>""}",12330,0.000917,0.012672039999999891,0.273708,9044,0.001,0.01041012999999994,0.16875
"system{name=""bevy_render::extract_component::prepare_uniform_components<bevy_core_pipeline::skybox::SkyboxUniforms>""}",12330,0.000958,0.003542,0.2515,9045,0.001167,0.0050699999999999365,1.293208
"system{name=""bevy_render::extract_component::prepare_uniform_components<bevy_post_process::bloom::downsampling_pipeline::BloomUniforms>""}",12330,0.000625,0.00275,0.488292,9045,0.00075,0.003689959999999979,0.114917
"system{name=""bevy_render::extract_component::prepare_uniform_components<bevy_post_process::dof::DepthOfFieldUniform>""}",12330,0.000584,0.002541,0.055916,9045,0.00075,0.003875,0.270083
"system{name=""bevy_render::extract_component::prepare_uniform_components<bevy_post_process::motion_blur::MotionBlurUniform>""}",12330,0.000625,0.002541,0.060625,9045,0.00075,0.004292,0.104666
"system{name=""bevy_render::extract_resource::extract_resource<bevy_camera::clear_color::ClearColor>""}",12330,0.000292,0.0034048199999999634,0.054125,9044,0.000333,0.001625,0.129459
"system{name=""bevy_render::extract_resource::extract_resource<bevy_core_pipeline::tonemapping::TonemappingLuts>""}",12330,0.000417,0.0056727499999998906,0.149583,9044,0.000459,0.0037138799999999754,17.126333
"system{name=""bevy_render::extract_resource::extract_resource<bevy_render::texture::manual_texture_view::ManualTextureViews>""}",12330,0.000333,0.004291709999999999,0.052833,9044,0.000375,0.0023808799999999754,0.347583
"system{name=""bevy_render::extract_resource::extract_resource<render::actor::ActorRenderFrame>""}",12330,0.001958,0.019142639999999926,0.278791,9044,0.002333,0.022166439999999916,0.294459
"system{name=""bevy_render::extract_resource::extract_resource<render::atmosphere::AtmosphereFrame>""}",12330,0.000416,0.005112819999999963,0.087042,9044,0.000459,0.003214309999999976,0.375208
"system{name=""bevy_render::extract_resource::extract_resource<render::atmosphere::AtmosphereTextureAssets>""}",12330,0.000334,0.004196109999999964,0.0895,9044,0.000375,0.0027792499999999636,0.470958
"system{name=""bevy_render::extract_resource::extract_resource<render::block_entity::scene::BlockEntityFrame>""}",12330,0.001125,0.012029109999999964,0.100209,9044,0.001292,0.008792,0.106375
"system{name=""bevy_render::extract_resource::extract_resource<render::block_entity::selection::BlockSelectionFrame>""}",12330,0.000584,0.007516929999999928,0.180708,9044,0.00075,0.009428189999999951,0.633
"system{name=""bevy_render::extract_resource::extract_resource<render::chunk::api::ChunkGpuRemovalQueue>""}",12330,0.000375,0.005237819999999963,0.062416,9044,0.000458,0.004167,0.433708
"system{name=""bevy_render::extract_resource::extract_resource<render::chunk::api::ChunkUploadBudget>""}",12330,0.000333,0.004334,0.092292,9044,0.000458,0.003922309999999976,1.789125
"system{name=""bevy_render::extract_resource::extract_resource<render::chunk::biome_tints::ChunkBiomeTints>""}",12330,0.000541,0.0069048199999999635,0.076125,9044,0.000667,0.0041307399999999765,0.121791
"system{name=""bevy_render::extract_resource::extract_resource<render::chunk::presentation::model_witness::ModelWitnessRequest>""}",12330,0.000292,0.004071109999999964,0.045584,9044,0.000334,0.002458,0.071291
"system{name=""bevy_render::extract_resource::extract_resource<render::chunk::presentation::transparent_witness::TransparentWitnessRequest>""}",12330,0.000333,0.0036426399999999266,0.06,9044,0.000375,0.002042,0.131459
"system{name=""bevy_render::extract_resource::extract_resource<render::chunk::texture_reload::ChunkTextureReload>""}",12330,0.000291,0.003667,0.13625,9044,0.000292,0.0020415699999999995,0.112291
"system{name=""bevy_render::extract_resource::extract_resource<render::chunk::textures::ChunkAnimationClock>""}",12330,0.000375,0.004029109999999964,0.047458,9044,0.000416,0.0024405099999999873,2.033417
"system{name=""bevy_render::extract_resource::extract_resource<render::chunk::textures::ChunkTextureAssets>""}",12330,0.000333,0.004642219999999929,0.094333,9044,0.000375,0.001857369999999988,0.219083
"system{name=""bevy_render::extract_resource::extract_resource<render::cloud_render::CloudVisibility>""}",12330,0.000291,0.004279819999999963,0.234208,9044,0.000417,0.0026665699999999996,0.284791
"system{name=""bevy_render::extract_resource::extract_resource<render::dropped_item::DroppedItemScene>""}",12330,0.001292,0.012808929999999928,0.10175,9044,0.001375,0.011940369999999988,0.91825
"system{name=""bevy_render::extract_resource::extract_resource<render::dropped_item_render::terrain_items::ImmediateTerrainMeshPublications>""}",12330,0.000375,0.0036128199999999632,0.118375,9044,0.000458,0.004237679999999963,0.181
"system{name=""bevy_render::extract_resource::extract_resource<render::entity_shadow_render::EntityShadowScene>""}",12330,0.000542,0.007696819999999963,0.123542,9044,0.000667,0.005588879999999976,0.133875
"system{name=""bevy_render::extract_resource::extract_resource<render::hand_rig_render::HandRigScene>""}",12330,0.001958,0.016696109999999965,0.830166,9044,0.002167,0.013867999999999854,0.329625
"system{name=""bevy_render::extract_resource::extract_resource<render::lighting::WorldFullbright>""}",12330,0.00025,0.0019048199999999633,0.105167,9044,0.00025,0.001523369999999988,0.114209
"system{name=""bevy_render::extract_resource::extract_resource<render::lighting::WorldLighting>""}",12330,0.000709,0.010017929999999928,1.178958,9044,0.000875,0.009862249999999963,0.930541
"system{name=""bevy_render::extract_resource::extract_resource<render::lightning::LightningScene>""}",12330,0.000334,0.003571109999999964,0.309292,9044,0.000417,0.0026962499999999634,0.35825
"system{name=""bevy_render::extract_resource::extract_resource<render::media_screen::MediaScreenScene>""}",12330,0.000292,0.0033631099999999643,0.1495,9044,0.000334,0.001708,0.084208
"system{name=""bevy_render::extract_resource::extract_resource<render::nametag_render::NametagSceneResource>""}",12330,0.000542,0.007891929999999927,0.136333,9044,0.000667,0.0057323699999999875,0.364167
"system{name=""bevy_render::extract_resource::extract_resource<render::native_sunlight::AtmosphereViewInputs>""}",12330,0.000375,0.003904109999999964,0.194791,9044,0.000458,0.002648369999999988,0.263542
"system{name=""bevy_render::extract_resource::extract_resource<render::panorama::PanoramaScene>""}",12330,0.000583,0.008083,0.089833,9044,0.000709,0.00775,0.108458
"system{name=""bevy_render::extract_resource::extract_resource<render::particle_render::ParticleGpuFrame>""}",12330,0.000959,0.011600639999999926,0.192417,9044,0.00125,0.00925,0.572666
"system{name=""bevy_render::extract_resource::extract_resource<render::primitive_shapes::PrimitiveShapesScene>""}",12330,0.0005,0.006363109999999964,0.105791,9044,0.000583,0.004773369999999988,0.201791
"system{name=""bevy_render::extract_resource::extract_resource<render::screen_overlay::ScreenOverlayScene>""}",12330,0.000584,0.008237819999999963,0.1415,9044,0.000791,0.00683357,0.097916
"system{name=""bevy_render::extract_resource::extract_resource<render::ui_render::UiRenderSceneResource>""}",12330,0.000625,0.006208,0.149166,9044,0.000667,0.005356939999999987,0.442167
"system{name=""bevy_render::extract_resource::extract_resource<render::ui_render::glint::UiGlintSettings>""}",12330,0.000333,0.003125,0.073125,9044,0.000375,0.002273369999999988,0.089167
"system{name=""bevy_render::extract_resource::extract_resource<render::viewmodel::ViewmodelScene>""}",12330,0.000542,0.007201859999999855,0.175917,9044,0.000666,0.005148939999999987,0.058583
"system{name=""bevy_render::extract_resource::extract_resource<render::visibility_diagnostics::VisibilityDiagnosticsInput>""}",12330,0.000625,0.008713749999999892,0.122083,9044,0.00075,0.004815369999999988,0.474333
"system{name=""bevy_render::extract_resource::extract_resource<render::weather::PrecipitationScene>""}",12330,0.0005,0.00675,0.144084,9044,0.000584,0.005314939999999988,0.233375
"system{name=""bevy_render::extract_resource::extract_resource<render::weather::WeatherTextureAssets>""}",12330,0.000333,0.004542,0.072459,9044,0.000375,0.003542,0.363375
"system{name=""bevy_render::globals::extract_frame_count""}",12330,0.00025,0.00275,0.05875,9044,0.000291,0.001416,0.039458
"system{name=""bevy_render::globals::extract_time""}",12330,0.000292,0.004517639999999927,0.136542,9044,0.000333,0.002315369999999988,0.134667
"system{name=""bevy_render::globals::prepare_globals_buffer""}",12330,0.0215,0.1424034299999997,10.213375,9045,0.038417,0.29914151999999916,20.216
"system{name=""bevy_render::gpu_readback::map_buffers""}",12330,0.000709,0.0049167099999999995,0.092834,9044,0.000834,0.0057319399999999875,0.152375
"system{name=""bevy_render::gpu_readback::prepare_buffers""}",12330,0.000792,0.003167,0.55,9045,0.000917,0.005022959999999979,0.2335
"system{name=""bevy_render::gpu_readback::sync_readbacks""}",12330,0.000625,0.008071819999999962,0.133834,9044,0.000541,0.004481939999999987,0.205333
"system{name=""bevy_render::mesh::allocator::allocate_and_free_meshes""}",12330,0.000958,0.009988109999999965,1.690958,9044,0.001042,0.009005739999999976,0.62725
"system{name=""bevy_render::render_asset::extract_render_asset<bevy_render::mesh::RenderMesh>""}",12330,0.001125,0.010016929999999927,0.402834,9044,0.001458,0.010042,0.106875
"system{name=""bevy_render::render_asset::extract_render_asset<bevy_render::storage::GpuShaderStorageBuffer>""}",12330,0.001167,0.010612819999999964,0.140458,9044,0.001375,0.009154249999999963,2.640375
"system{name=""bevy_render::render_asset::extract_render_asset<bevy_render::texture::gpu_image::GpuImage>""}",12330,0.001416,0.011333,1.622084,9044,0.001625,0.010356939999999988,0.449875
"system{name=""bevy_render::render_asset::extract_render_asset_bytes_per_frame""}",12330,0.000333,0.004125,0.062375,9044,0.000375,0.0017739399999999877,0.090792
"system{name=""bevy_render::render_asset::prepare_assets<bevy_render::mesh::RenderMesh>""}",12330,0.000916,0.007558929999999927,0.195375,9044,0.001,0.008273939999999988,0.691584
"system{name=""bevy_render::render_asset::prepare_assets<bevy_render::storage::GpuShaderStorageBuffer>""}",12330,0.000834,0.008571109999999963,0.122459,9044,0.001,0.006439939999999988,0.556375
"system{name=""bevy_render::render_asset::prepare_assets<bevy_render::texture::gpu_image::GpuImage>""}",12330,0.001042,0.010041709999999999,0.428,9044,0.001167,0.008273939999999988,0.124459
"system{name=""bevy_render::render_asset::reset_render_asset_bytes_per_frame""}",12330,0.000208,0.0010291099999999642,0.025041,9044,0.00025,0.001125,0.04125
"system{name=""bevy_render::render_phase::sort_phase_system<bevy_core_pipeline::core_2d::Transparent2d>""}",12330,0.000167,0.000709,0.14175,9045,0.000209,0.000958,0.412333
"system{name=""bevy_render::render_phase::sort_phase_system<bevy_core_pipeline::core_3d::Transmissive3d>""}",12330,0.00025,0.001167,0.035625,9045,0.00025,0.00175,0.054042
"system{name=""bevy_render::render_phase::sort_phase_system<bevy_core_pipeline::core_3d::Transparent3d>""}",12330,0.003125,0.01829171,1.838959,9045,0.004292,0.024663519999999852,0.282625
"system{name=""bevy_render::render_resource::pipeline_cache::PipelineCache::extract_shaders""}",12330,0.000583,0.0064881099999999645,0.050208,9044,0.000625,0.005606939999999987,0.0995
"system{name=""bevy_render::render_resource::pipeline_cache::PipelineCache::process_pipeline_queue_system""}",12330,0.000542,0.002083,0.211917,9045,0.000666,0.002731959999999979,0.437416
"system{name=""bevy_render::renderer::render_system""}",12330,0.9426045000000001,4.342036209999997,88.577542,9044,1.366146,6.238058749999986,53.164708
"system{name=""bevy_render::sync_world::despawn_temporary_render_entities""}",12330,0.000833,0.01075,0.393375,9044,0.001042,0.0075355599999999395,3.5185
"system{name=""bevy_render::texture::texture_cache::update_texture_cache_system""}",12330,0.00075,0.004737819999999963,0.18275,9044,0.001041,0.006130879999999976,0.369916
"system{name=""bevy_render::view::cleanup_view_targets_for_resize""}",12330,0.000875,0.006689389999999818,0.063666,9044,0.001,0.006083,0.901167
"system{name=""bevy_render::view::clear_view_attachments""}",12330,0.000875,0.005875,0.05825,9044,0.000917,0.006386619999999951,0.325375
"system{name=""bevy_render::view::prepare_view_attachments""}",12330,0.002875,0.012600929999999929,0.789208,9044,0.0035,0.021779249999999965,0.924125
"system{name=""bevy_render::view::prepare_view_targets""}",12330,0.006,0.02279674999999989,0.715667,9044,0.007125,0.03466657,0.697584
"system{name=""bevy_render::view::prepare_view_uniforms""}",12330,0.018958,2.7059731399999523,51.747542,9045,0.025792,10.162933039999999,30.112542
"system{name=""bevy_render::view::visibility::range::extract_visibility_ranges""}",12330,0.000958,0.012142929999999929,0.107083,9044,0.001167,0.010404249999999964,0.123125
"system{name=""bevy_render::view::visibility::range::write_render_visibility_ranges""}",12330,0.000375,0.002488109999999964,0.051125,9045,0.0005,0.003583,0.59625
"system{name=""bevy_render::view::window::extract_windows""}",12330,0.001834,0.017820429999999707,0.1145,9044,0.002083,0.015606939999999988,0.281959
"system{name=""bevy_render::view::window::need_surface_configuration""}",12330,0.000417,0.004100929999999927,2.738708,9044,0.000584,0.006523939999999988,0.185792
"system{name=""bevy_render::view::window::prepare_windows""}",12329,5.187375,7.386603719999999,41.267334,9044,3.9175,22.55207394,27.033792
"system{name=""bevy_render::view::window::screenshot::clear_screenshots""}",12330,0.0005,0.003987819999999963,0.074584,9044,0.000667,0.004356939999999988,0.346375
"system{name=""bevy_render::view::window::screenshot::extract_screenshots""}",12330,0.001916,0.012981389999999817,0.327458,9044,0.002084,0.012404819999999964,1.225458
"system{name=""bevy_render::view::window::screenshot::prepare_screenshots""}",12330,0.000583,0.003375,1.612208,9044,0.00075,0.0050655099999999875,0.250167
"system{name=""bevy_render::view::window::screenshot::trigger_screenshots""}",12330,0.000875,0.0072791099999999645,0.184792,9044,0.000958,0.00925,0.41075
"system{name=""bevy_time::fixed::run_fixed_main_schedule""}",12330,0.0151455,0.9553515699999977,42.095042,9044,0.019417,3.4969676299999937,21.314292
"system{name=""bevy_time::time_system""}",12330,0.001916,0.014654819999999963,0.454167,9044,0.00225,0.01378555999999994,0.144291
"system{name=""bevy_transform::systems::mark_dirty_trees""}",12331,0.006208,0.02436240000000003,0.347542,9045,0.006833,0.03186647999999989,0.928959
"system{name=""bevy_transform::systems::parallel::propagate_parent_transforms""}",12331,0.002834,0.01502870000000003,0.306667,9045,0.003334,0.01731495999999998,0.174042
"system{name=""bevy_transform::systems::sync_simple_transforms""}",12331,0.014792,0.253375,10.351708,9045,0.019166,0.6089079999999993,30.669625
"system{name=""bevy_window::system::close_when_requested""}",12330,0.000667,0.004833709999999999,0.051125,9044,0.000709,0.006797309999999976,2.222667
"system{name=""bevy_window::system::exit_on_all_closed""}",12331,0.0005,0.002209,1.17275,9045,0.000542,0.004064959999999979,0.17075
"system{name=""bevy_winit::accessibility::poll_receivers""}",12331,0.000791,0.0034044000000000305,0.042875,9045,0.000583,0.003510519999999915,0.154625
"system{name=""bevy_winit::accessibility::should_update_accessibility_nodes""}",12331,0.000458,0.0010417000000000007,0.005542,9045,0.000416,0.001083,0.003708
"system{name=""bevy_winit::accessibility::window_closed""}",12331,0.000542,0.00125,0.009833,9045,0.000709,0.001875,0.00325
"system{name=""bevy_winit::cursor::update_cursors""}",12331,0.000542,0.0023207000000000297,0.06725,9045,0.000625,0.0042789999999999365,0.058083
"system{name=""bevy_winit::system::changed_cursor_options""}",12331,0.000708,0.001833,0.004416,9045,0.000792,0.002458,0.004333
"system{name=""bevy_winit::system::changed_windows""}",12331,0.000792,0.0022377000000000295,0.006417,9045,0.000916,0.002875,0.00675
"system{name=""bevy_winit::system::check_keyboard_focus_lost""}",12331,0.000625,0.00392080000000009,0.046625,9045,0.000791,0.006,0.079
"system{name=""bevy_winit::system::despawn_windows""}",12331,0.001042,0.0028337000000000006,0.009959,9045,0.001125,0.0037315199999999786,0.007584
"system{name=""client_presentation::actor_publication::commit::publish_actor_render_frame""}",12330,0.004333,0.016434639999999928,0.5025,9045,0.005,0.02414851999999998,1.844208
"system{name=""client_presentation::audio::systems::pump_audio""}",12331,0.002833,0.006292,0.043291,9045,0.003083,0.009125,0.06025
"system{name=""client_presentation::camera::overlay_publish::publish_screen_overlays""}",12330,0.001667,0.006933929999999928,0.272042,9044,0.001917,0.009339309999999976,0.459291
"system{name=""client_presentation::camera::portal_projection::update_camera_fov""}",12330,0.000875,0.004875,0.300916,9044,0.001041,0.007625,0.511208
"system{name=""client_presentation::local_player::publish_interaction_origin""}",12330,0.000458,0.002404109999999964,1.614666,9044,0.000541,0.003583,0.074708
"system{name=""client_presentation::local_player_camera_receipt::begin_camera_publication_attempt""}",12330,0.000292,0.001125,0.078791,9044,0.000334,0.0016665699999999998,0.058958
"system{name=""render::actor_render::phase::queue_actors""}",12330,0.000875,0.00375,0.113458,9045,0.001125,0.005046479999999957,0.094083
"system{name=""render::actor_render::pipeline::prepare_actor_pipelines""}",12330,0.005041,0.019196109999999964,5.079167,9045,0.006166,0.030648519999999978,1.038042
"system{name=""render::actor_render::prepare_actor_bind_group""}",12330,0.0857705,0.2872598199999995,10.147584,9045,0.11,0.4115899199999998,10.355375
"system{name=""render::actor_render::prepare_actor_resources""}",12330,0.005834,0.029689389999999816,1.027833,9045,0.007584,0.04600703999999976,0.374458
"system{name=""render::actor_render::submit_actor_presented_frame""}",12330,0.002292,0.0769508899999996,10.032125,9044,0.003041,0.3626446899999942,30.03875
"system{name=""render::atmosphere_render::prepare_atmosphere_bind_group""}",12330,0.000375,0.001542,0.035417,9045,0.0005,0.002167,0.047917
"system{name=""render::atmosphere_render::prepare_atmosphere_textures""}",12330,0.000542,0.002125,0.233375,9045,0.000709,0.00275,0.090459
"system{name=""render::atmosphere_render::prepare_atmosphere_uniform""}",12330,0.0143545,2.81556074999996,20.277583,9045,0.022,10.100051520000001,30.109666
"system{name=""render::atmosphere_render::queue_atmosphere""}",12330,0.005541,0.021296749999999892,1.945375,9045,0.006334,0.03596503999999976,1.311541
"system{name=""render::block_entity::gpu::prepare_bind_groups""}",12330,0.001959,0.03021949999999978,1.648708,9045,0.0025,0.033757039999999766,4.037708
"system{name=""render::block_entity::gpu::prepare_resources""}",12330,0.000792,0.0029339299999999275,4.238375,9045,0.000959,0.003939959999999979,0.232041
"system{name=""render::block_entity::gpu::queue_additive""}",12330,0.000333,0.0014167099999999992,0.104625,9045,0.000416,0.002022959999999979,0.835208
"system{name=""render::block_entity::gpu::queue_crack""}",12330,0.000417,0.001625,0.073625,9045,0.000459,0.002,0.237542
"system{name=""render::block_entity::gpu::queue_outline""}",12330,0.000334,0.001375,0.183625,9045,0.000416,0.001708,0.193959
"system{name=""render::block_entity::gpu::queue_overlay""}",12330,0.000625,0.0023337099999999993,0.037708,9045,0.000709,0.0030835599999999995,0.60825
"system{name=""render::block_entity::gpu::queue_solid""}",12330,0.000375,0.001667,0.097708,9045,0.000458,0.002083,0.177459
"system{name=""render::chunk::draw::queue_chunks""}",12330,0.197541,0.5322042499999993,16.186417,9045,0.215417,0.7206749999999991,10.5425
"system{name=""render::chunk::draw::queue_transparent_chunks""}",12330,0.009083,0.07710092999999993,1.636584,9045,0.011792,0.11725547999999995,2.746584
"system{name=""render::chunk::extract::extract_chunk_render_instances""}",12330,0.003291,0.02927267999999982,0.465917,9044,0.003417,0.02889893999999999,1.602583
"system{name=""render::chunk::gpu::bind_groups::prepare_chunk_animation_clock""}",12330,0.055375,0.20166671,1.679708,9044,0.07325,0.29071249999999965,32.181666
"system{name=""render::chunk::gpu::bind_groups::prepare_chunk_bind_group""}",12330,0.00075,0.002583709999999999,0.157917,9045,0.000916,0.003625,0.1695
"system{name=""render::chunk::gpu::bind_groups::prepare_chunk_biome_tints""}",12330,0.0005,0.0028337099999999993,0.131917,9044,0.000666,0.004381309999999976,0.112708
"system{name=""render::chunk::gpu::bind_groups::prepare_chunk_texture_assets""}",12330,0.001583,0.012100929999999928,0.247167,9044,0.001792,0.015071249999999963,1.060834
"system{name=""render::chunk::gpu::types::publish_graphics_runtime_metadata""}",12330,0.000334,0.0012381099999999642,0.004708,9044,0.000375,0.001583,0.005458
"system{name=""render::chunk::gpu::upload::prepare_gpu_chunks""}",12330,0.016292,0.05823810999999997,2.151625,9045,0.020084,0.08759855999999987,3.01325
"system{name=""render::chunk::gpu_cull::admit_depth_sampling""}",24662,0.000417,0.0022083899999999993,0.427417,18090,0.0005,0.003713510000000024,0.051833
"system{name=""render::chunk::gpu_cull::direct::prepare_direct_occlusion""}",12330,0.0362295,0.27724792999999953,8.375291,9045,0.062709,0.3635049999999994,3.073834
"system{name=""render::chunk::gpu_cull::direct::reset_direct_occlusion_frame""}",12330,0.000209,0.0027256399999999264,0.048791,9044,0.00025,0.002107369999999988,0.03225
"system{name=""render::chunk::gpu_cull::direct::submit_direct_occlusion""}",12330,0.000375,0.004667,1.80475,9044,0.000459,0.00425,0.133583
"system{name=""render::chunk::gpu_cull::prepare::extract_hidden_chunks""}",12330,0.002417,0.019552499999999782,0.445375,9044,0.002708,0.017732369999999987,0.43575
"system{name=""render::chunk::gpu_cull::reset_gpu_cull_frame""}",12330,0.00025,0.001791,0.344583,9044,0.00025,0.001625,0.105042
"system{name=""render::chunk::pipeline::commands::prepare_chunk_indirect_batches""}",12330,0.001292,0.005834,0.133833,9045,0.001625,0.00848195999999998,1.223459
"system{name=""render::chunk::presentation::frame_probe::submit_presented_frame_probe""}",12330,0.004583,0.07443392999999993,9.424791,9044,0.006125,0.21301962999999915,20.2215
"system{name=""render::chunk::queue::apply_chunk_render_queue""}",12330,0.001125,0.004446109999999964,0.448375,9044,0.00125,0.008172879999999974,0.318541
"system{name=""render::chunk::queue::update_chunk_animation_clock""}",12330,0.000167,0.001,0.20125,9044,0.000208,0.001375,2.081208
"system{name=""render::chunk::transparent::gamma_pass::admit_copy_destination""}",12331,0.000375,0.002625,0.0925,9045,0.0005,0.004125,0.110625
"system{name=""render::chunk::transparent::gamma_pass::target::prepare_gamma_targets""}",12330,0.000834,0.0035,0.515208,9045,0.001125,0.005083559999999999,0.243667
"system{name=""render::chunk::transparent::model::prepare_transparent_model_sorts""}",12330,0.040416,0.25317235999999876,2.898541,9045,0.044958,0.30925003999999895,20.265208
"system{name=""render::chunk::transparent::sort::prepare::prepare_transparent_sorts""}",12330,0.052458,0.2737113899999994,45.23375,9045,0.060333,0.36669499999999994,6.712083
"system{name=""render::cloud_render::prepare_cloud_bind_group""}",12330,0.0005,0.002333,2.040958,9045,0.00075,0.003125,0.275542
"system{name=""render::cloud_render::prepare_cloud_colour""}",12330,0.000875,0.003208,1.705875,9045,0.001042,0.004314959999999979,0.181334
"system{name=""render::cloud_render::prepare_cloud_records""}",12330,0.002584,0.013106389999999817,0.346042,9045,0.002875,0.016468519999999917,0.316083
"system{name=""render::cloud_render::queue_clouds""}",12330,0.002042,0.007625,0.166459,9045,0.002375,0.01091351999999985,0.323916
"system{name=""render::dropped_item_render::prepare_bind_group""}",12330,0.000375,0.001542,0.075291,9045,0.000458,0.002125,0.151042
"system{name=""render::dropped_item_render::prepare_items""}",12330,0.000625,0.002875,0.114083,9045,0.000791,0.004166,0.070375
"system{name=""render::dropped_item_render::queue_items""}",12330,0.000459,0.002875,0.150916,9045,0.000625,0.00475,0.286709
"system{name=""render::dropped_item_render::terrain_items::begin_frame""}",12330,0.000792,0.0064759299999999275,0.0935,9044,0.000875,0.005279679999999964,0.450291
"system{name=""render::entity_shadow_render::prepare_shadow_bind_groups""}",12330,0.000667,0.002541,0.047875,9045,0.000791,0.003981519999999979,0.329666
"system{name=""render::entity_shadow_render::prepare_shadow_buffers""}",12330,0.001292,0.004875,0.118625,9045,0.001542,0.00725,0.394333
"system{name=""render::entity_shadow_render::prepare_shadow_views""}",12330,0.001291,0.005,0.080209,9045,0.001625,0.007223559999999872,0.103334
"system{name=""render::gpu_timing::begin_gpu_frame""}",12330,0.055584,0.19732181999999998,7.889375,9045,0.057542,0.2783069599999993,1.99675
"system{name=""render::gpu_timing::submit_gpu_frame""}",12330,0.048375,0.26671374999999986,10.334416,9044,0.061333,0.4296219399999994,10.488
"system{name=""render::gpu_timing::tracy::frame_mark""}",12330,0.000459,0.0035298199999999635,0.067375,9044,0.000542,0.0028335699999999997,0.188292
"system{name=""render::hand_rig_render::prepare""}",12330,0.041583,3.408731859999995,53.422625,9045,0.062208,10.221654959999999,30.276667
"system{name=""render::lighting::prepare""}",12330,0.000875,0.0035,0.53625,9045,0.001208,0.004985999999999937,0.172041
"system{name=""render::lightning_render::prepare_lightning_bind_group""}",12330,0.000334,0.001625,0.093,9045,0.000417,0.0021069599999999794,0.072834
"system{name=""render::lightning_render::prepare_lightning_records""}",12330,0.000166,0.00075,0.021875,9045,0.000208,0.000958,0.016791
"system{name=""render::lightning_render::queue_lightning""}",12330,0.000458,0.002583,0.140334,9045,0.000583,0.003671479999999958,0.217125
"system{name=""render::media_screen::prepare_media_screens""}",12330,0.000459,0.002083,0.03275,9045,0.000542,0.002731959999999979,0.083
"system{name=""render::media_screen::queue_media_screens""}",12330,0.000334,0.001904109999999964,0.109875,9045,0.000417,0.002417,0.317625
"system{name=""render::nametag_render::prepare_nametag_bind_group""}",12330,0.000417,0.002,0.071625,9045,0.0005,0.002647959999999979,0.1375
"system{name=""render::nametag_render::prepare_nametags""}",12330,0.000375,0.0015,0.038625,9045,0.0005,0.002042,0.154792
"system{name=""render::nametag_render::queue_nametags""}",12330,0.0005,0.001667,0.598834,9045,0.000583,0.002292,0.756417
"system{name=""render::opaque_phase::reset_opaque_phases""}",12330,0.002,0.015237819999999963,0.905042,9044,0.002708,0.016589309999999975,0.194625
"system{name=""render::panorama::world_passes_enabled""}",234270,0.000125,0.000666,2.411042,171854,0.000167,0.000833,20.030083
"system{name=""render::panorama_render::prepare_bind_group""}",12330,0.000292,0.00125,0.325583,9045,0.000375,0.0016899599999999793,0.075792
"system{name=""render::panorama_render::prepare_panorama""}",12330,0.000334,0.001541,0.075458,9045,0.000417,0.002167,0.140084
"system{name=""render::panorama_render::queue_panorama""}",12330,0.000375,0.001834,0.022334,9045,0.000458,0.002583,0.09525
"system{name=""render::panorama_render::sync_scene_antialiasing""}",12331,0.000833,0.003458,0.091958,9045,0.000917,0.004064959999999979,0.057708
"system{name=""render::particle_render::prepare_particle_bind_group""}",12330,0.000334,0.001334,0.05975,9045,0.000416,0.001833,0.08175
"system{name=""render::particle_render::prepare_particle_resources""}",12330,0.013167,2.2920715699999588,52.200875,9045,0.013417,10.130935,30.101125
"system{name=""render::particle_render::queue_particles""}",12330,0.001167,0.004988109999999964,0.090375,9045,0.001375,0.007541559999999999,0.1945
"system{name=""render::primitive_shapes::gpu::prepare""}",12330,0.001333,0.004945819999999963,1.64575,9045,0.001667,0.008,0.221959
"system{name=""render::primitive_shapes::pipeline::prepare_bind_groups""}",12330,0.000417,0.001792,0.055208,9045,0.0005,0.0025,0.098
"system{name=""render::primitive_shapes::pipeline::queue""}",12330,0.000583,0.001988109999999964,0.038333,9045,0.000708,0.002875,0.211333
"system{name=""render::runtime_profile::begin_stage_span<22>""}",12330,0.000208,0.001417,0.064541,9044,0.00025,0.001398369999999988,0.04625
"system{name=""render::runtime_profile::begin_stage_span<29>""}",12331,0.000167,0.000875,0.070791,9045,0.000208,0.001209,0.03075
"system{name=""render::runtime_profile::begin_stage_span<30>""}",12331,0.000167,0.0019877000000000297,0.12725,9045,0.000208,0.002875,0.033792
"system{name=""render::runtime_profile::begin_stage_span<32>""}",12330,0.00025,0.003279109999999964,0.089125,9044,0.000333,0.0025835699999999994,0.042875
"system{name=""render::runtime_profile::begin_stage_span<3>""}",12330,0.000208,0.001125,0.4685,9044,0.000209,0.001125,0.044209
"system{name=""render::runtime_profile::begin_stage_span<4>""}",12330,0.000208,0.001958709999999999,0.040792,9045,0.000291,0.0024585599999999994,0.764541
"system{name=""render::runtime_profile::end_render_frame_span""}",12330,0.000959,0.006863109999999964,0.182625,9044,0.0010834999999999998,0.006047309999999976,0.588709
"system{name=""render::runtime_profile::end_stage_span<22>""}",12331,0.00075,0.005571400000000031,0.129208,9045,0.000833,0.00873195999999998,3.276875
"system{name=""render::runtime_profile::end_stage_span<29>""}",12331,0.000208,0.00175,0.050542,9045,0.00025,0.003064959999999979,0.052459
"system{name=""render::runtime_profile::end_stage_span<30>""}",12331,0.00025,0.002625,0.055708,9045,0.000292,0.0033985199999999787,1.21725
"system{name=""render::runtime_profile::end_stage_span<3>""}",12330,0.000875,0.005416,0.742917,9044,0.001084,0.007588879999999976,0.129
"system{name=""render::runtime_profile::end_stage_span<4>""}",12330,0.000625,0.006029819999999963,0.220208,9044,0.001,0.007946249999999964,3.084708
"system{name=""render::screen_overlay_render::prepare_bind_group""}",12330,0.000333,0.001404109999999964,0.052959,9045,0.000375,0.001625,0.084709
"system{name=""render::screen_overlay_render::prepare_overlay""}",12330,0.000791,0.003292,0.180958,9045,0.000958,0.004606959999999979,0.128958
"system{name=""render::screen_overlay_render::queue_overlay""}",12330,0.0005,0.002125,0.052083,9045,0.000625,0.0032729599999999793,0.212959
"system{name=""render::surface_lifecycle::release_orphan_targets<bevy_render::view::ViewTarget>""}",12330,0.0005,0.0035708199999999633,0.043916,9044,0.000584,0.004,0.06475
"system{name=""render::ui_render::composite::prepare_ui_layers""}",12330,0.002708,0.01175,0.120417,9045,0.00325,0.014625,0.197167
"system{name=""render::ui_render::overlay::queue_ui_overlay""}",12330,0.004625,0.02045871,0.409708,9045,0.005458,0.037926519999999915,1.13075
"system{name=""render::ui_render::prepare_ui_resources""}",12330,0.018667,2.293433109999963,20.297292,9045,0.02425,10.120584999999998,31.338375
"system{name=""render::ui_render::textures::prepare_ui_bind_group""}",12330,0.000667,0.0035,0.176542,9045,0.000959,0.004541559999999999,0.22575
"system{name=""render::viewmodel_render::prepare""}",12330,0.001083,0.004333,0.987375,9045,0.001292,0.005625,0.218334
"system{name=""render::viewmodel_render::submit_completion""}",12330,0.003833,0.0691724599999999,10.122542,9044,0.006042,0.14233243999999992,30.103917
"system{name=""render::weather_render::prepare_weather_bind_group""}",12330,0.000417,0.001584,0.072667,9045,0.000459,0.0022735199999999785,0.09425
"system{name=""render::weather_render::prepare_weather_records""}",12330,0.000541,0.002083,0.065834,9045,0.000583,0.002792,0.148625
"system{name=""render::weather_render::queue_weather""}",12330,0.0005,0.001988109999999964,0.057583,9045,0.000584,0.003,0.331333
terrain.arena_upload,12330,0.0045,0.016613109999999966,2.102875,9045,0.005417,0.024842959999999917,1.680709
terrain.completion_poll,12330,0.000542,0.045865499999999344,9.411666,9044,0.000708,0.1465773099999988,20.195375
terrain.merge_upload_ranges,49320,4.2e-05,0.000541,1.991,36180,4.2e-05,0.000667,0.091833
terrain.occlusion_poll,12330,0.001209,0.10445156999999985,8.213875,9045,0.00275,0.14635303999999982,1.603041
ui.viewport_write,12330,0.012,2.282315319999965,20.277583,9045,0.015208,10.106496519999999,31.324083
update,12329,8.347375,35.18550475999987,172.849333,9043,8.994542,57.32713328,133.569541
viewmodel.completion_poll,12330,0.00125,0.04053753999999924,10.107917,9044,0.002208,0.11280361999999995,30.047167
winit event_handler,12330,0.000375,0.001125,0.010375,9044,0.000375,0.001375,0.003958
