resolution,stage,before_count,before_p50_ms,before_p99_ms,before_max_ms,after_count,after_p50_ms,after_p99_ms,after_max_ms
1080,acceptance_telemetry,39819,0.004708,0.028125,8.257292,43099,0.002417,0.013583,0.150458
1080,actor_animation,39819,0.000958,0.130125,1.556541,43099,0.000500,0.134833,0.235625
1080,actor_preparation,39819,0.014792,0.032750,1.566583,43099,0.009459,0.030209,0.382042
1080,actor_publication,79638,0.019917,0.184750,2.556333,86198,0.010500,0.177583,0.432541
1080,actor_rig_build,79638,0.001333,0.008666,0.494458,86198,0.000792,0.006000,0.054292
1080,audio,39819,0.037125,0.574291,10.089125,43099,0.032833,0.077250,1.063792
1080,block_entities,39819,0.079000,0.225542,3.457000,43099,0.092833,0.195708,0.442500
1080,cave_visibility,39819,0.000417,0.001166,0.133667,43099,0.000250,0.000750,0.015084
1080,chunk_extraction,39819,0.002000,0.016666,5.609166,43099,0.002333,0.017333,0.157750
1080,gpu_preparation,39819,0.007125,0.023750,0.374958,43099,0.005708,0.021792,0.468708
1080,indirect_preparation,79638,0.019666,0.261458,3.393417,86198,0.019250,0.114333,3.045917
1080,main_frame,39819,1.257500,9.141791,80.965167,43099,1.131583,2.250208,15.468292
1080,network_ingestion,39819,0.004125,0.047458,0.774875,43099,0.002667,0.053000,0.134875
1080,opaque_diagnostics,119457,0.004875,0.025208,1.988416,129297,0.006125,0.025834,0.230042
1080,opaque_queue,39819,0.185667,0.486959,7.727708,43099,0.335000,0.459167,2.361958
1080,pack_reload,39819,0.000208,0.000750,0.054583,43099,0.000167,0.000625,0.332416
1080,particles,39819,0.056542,0.584250,5.011417,43099,0.046417,0.523042,3.328125
1080,render_frame,39816,2.924792,23.165125,102.030875,43096,2.584042,5.816500,30.549459
1080,render_queue_application,39819,0.000416,0.001041,1.012459,43099,0.000250,0.000750,0.015166
1080,render_submission,39819,1.243875,4.834292,60.116875,43099,1.061666,2.697083,10.495667
1080,surface_preparation,39817,5.107708,7.470250,23.024792,43097,5.432041,7.587375,24.087208
1080,transparent_preparation,39819,0.049333,0.228833,3.401000,43099,0.056500,0.277833,4.901583
1080,transparent_queue,39819,0.008334,0.062667,1.051958,43099,0.011291,0.054917,0.158875
1080,ui_preparation,39819,0.024292,0.056166,1.358292,43099,0.019416,0.049042,0.138000
1080,ui_publication,39819,0.163625,0.401416,4.929166,43099,0.160167,0.350125,2.216416
1080,world_poll,39819,0.007375,0.026209,0.919416,43099,0.004250,0.015375,0.129459
1080,world_stream,39819,0.004250,0.013875,0.339000,43099,0.002250,0.009750,0.443542
retina,acceptance_telemetry,41223,0.003708,0.029875,0.302041,42607,0.002000,0.016167,0.409584
retina,actor_animation,41223,0.000750,0.131416,0.815250,42607,0.000375,0.156000,0.752041
retina,actor_preparation,41223,0.011834,0.047167,0.594792,42607,0.009125,0.033833,0.192125
retina,actor_publication,82446,0.012916,0.178042,1.266125,85214,0.010292,0.192416,4.922541
retina,actor_rig_build,82446,0.001084,0.011791,1.265417,85214,0.000958,0.007167,0.101708
retina,audio,41223,0.033041,0.249833,15.948000,42607,0.030083,0.087000,3.256833
retina,block_entities,41223,0.078708,0.251875,2.613000,42607,0.084709,0.208958,0.833084
retina,cave_visibility,41223,0.000334,0.001625,0.638209,42607,0.000209,0.001000,0.048709
retina,chunk_extraction,41223,0.002083,0.012834,0.185667,42607,0.002083,0.014667,0.122875
retina,gpu_preparation,41223,0.005959,0.018917,0.821625,42607,0.004584,0.015084,0.157500
retina,indirect_preparation,82446,0.018458,0.142875,2.087917,85214,0.018375,0.087125,18.737375
retina,main_frame,41223,1.131209,6.081834,95.694667,42607,1.093084,2.217292,17.488958
retina,network_ingestion,41223,0.003375,0.043083,0.412417,42607,0.003333,0.052750,0.271292
retina,opaque_diagnostics,123669,0.005042,0.020959,1.716459,127821,0.006417,0.020000,0.404833
retina,opaque_queue,41223,0.197250,0.420667,3.386042,42607,0.263375,0.432166,8.918416
retina,pack_reload,41223,0.000167,0.001041,0.058042,42607,0.000167,0.001375,0.019125
retina,particles,41223,0.051500,0.519083,5.837375,42607,0.047333,0.357042,2.913958
retina,render_frame,41220,2.913625,14.473083,141.187749,42605,1.998583,4.890126,78.973958
retina,render_queue_application,41223,0.000334,0.001500,0.052208,42607,0.000209,0.001292,0.058542
retina,render_submission,41223,1.257167,4.070500,40.761667,42607,0.909500,2.276125,33.813959
retina,surface_preparation,41221,5.108000,7.599542,25.869791,42606,5.879000,7.583750,24.624750
retina,transparent_preparation,41223,0.048333,0.184416,2.640500,42607,0.049292,0.156958,0.640791
retina,transparent_queue,41223,0.008666,0.046291,2.086208,42607,0.009375,0.042750,0.463542
retina,ui_preparation,41223,0.021375,0.080083,0.895000,42607,0.018958,0.056375,0.302875
retina,ui_publication,41223,0.159916,0.462292,2.995709,42607,0.146292,0.350583,1.021416
retina,world_poll,41223,0.005750,0.023667,0.612666,42607,0.004375,0.021000,0.079792
retina,world_stream,41223,0.003209,0.014625,0.073166,42607,0.002083,0.010375,0.042291
