comparison,case,sections,base_p50_ms,candidate_p50_ms,reduction_percent,base_p99_ms,candidate_p99_ms,base_max_ms,candidate_max_ms,base_pass1_p50_ms,base_pass2_p50_ms,candidate_pass1_p50_ms,candidate_pass2_p50_ms,base_allocations,candidate_allocations,base_allocated_bytes,candidate_allocated_bytes,darken_dequeued,increase_dequeued,queue_peak,fingerprint
dev,synthetic_sky_top_fresh,1,0.923536,0.890846,3.539709,0.957551,0.922565,0.969192,0.925141,0.921674,0.923802,0.903955,0.888833,6,3,7152,4432,0,4096,256,5a4f2f1faa1b6325
dev,synthetic_sky_top_retained,1,1.481265,1.099521,25.771486,1.515444,1.126727,1.516276,1.1332,1.458833,1.486134,1.101385,1.099276,6,3,7152,4432,0,4096,4096,5a4f2f1faa1b6325
dev,synthetic_sky_all_seeded_fresh,1,0.949675,0.922455,2.866295,0.962741,0.939146,0.965416,0.940469,0.940258,0.951344,0.924654,0.922049,6,3,7152,4432,0,4096,4096,5a4f2f1faa1b6325
dev,synthetic_sky_all_seeded_retained,1,1.448278,0.989065,31.707541,1.509122,1.003897,1.71661,1.007214,1.450508,1.447712,0.991194,0.988634,6,3,7152,4432,0,4096,4096,5a4f2f1faa1b6325
dev,synthetic_solid_dark_fresh,1,0.488553,0.47312,3.15892,0.496168,0.482242,0.5024,0.482553,0.485924,0.489576,0.47329,0.47308,5,3,5088,4432,0,0,0,b93a0c83ce3b6325
dev,synthetic_terrain_caves_filters_fresh,1,1.04249,0.996684,4.393903,1.0535,1.029886,1.132609,1.036709,1.036408,1.043887,0.999645,0.996308,7,5,9216,8560,0,4407,275,98578e74ec91440f
dev,synthetic_terrain_caves_filters_retained,1,1.526244,1.194709,21.72228,1.647792,1.521826,1.695902,1.760913,1.520609,1.526936,1.197659,1.193922,7,5,9216,8560,0,4009,2576,98578e74ec91440f
dev,synthetic_sparse_emitters_fresh,1,0.736507,0.701778,4.715431,0.741116,0.712222,0.843898,0.71648,0.733532,0.739277,0.701372,0.702278,6,4,7152,6496,0,2958,395,694adacf48b34545
dev,synthetic_sparse_emitters_retained,1,1.063238,0.835213,21.446364,1.089588,0.870979,1.09073,0.970986,1.078978,1.047669,0.835718,0.8345,6,4,7152,6496,0,2958,2958,694adacf48b34545
dev,synthetic_dense_emitters_fresh,1,0.987692,0.951253,3.689257,1.14953,0.983029,1.466203,1.006442,0.982087,0.98927,0.950728,0.95146,6,4,7152,6496,0,5426,2124,7cf3e859c8c8f457
dev,synthetic_dense_emitters_retained,1,1.283706,1.033788,19.468437,1.336519,1.051487,1.350545,1.062677,1.314709,1.280109,1.032876,1.034239,6,4,7152,6496,0,4096,4096,7cf3e859c8c8f457
dev,synthetic_removed_emitters_retained,1,1.092779,0.902634,17.400141,1.151704,0.927735,1.16535,1.050324,1.113974,1.092348,0.902247,0.902698,5,3,5088,4432,2958,0,395,b93a0c83ce3b6325
dev,synthetic_trusted_halo_fresh,1,1.054417,1.005255,4.662482,1.064571,1.033803,1.066766,1.042019,1.048812,1.056205,1.005942,1.005055,7,4,9216,6496,0,5638,256,401903acaf3369ba
dev,synthetic_trusted_halo_retained,1,1.754636,1.260718,28.149314,1.838819,1.283189,1.97812,1.28367,1.746867,1.755818,1.260683,1.260883,7,4,9216,6496,0,5638,4096,401903acaf3369ba
dev,synthetic_sky_top_fresh,10,9.067584,8.615322,4.987684,9.328337,8.759732,9.406744,8.946582,9.064919,9.068748,8.613118,8.616388,24,12,63312,41800,0,40960,256,d32b842c0fdea325
dev,synthetic_sky_top_retained,10,14.829771,11.073709,25.327849,15.364526,11.420978,15.421764,11.443211,14.771649,14.836123,11.069397,11.08214,24,12,63312,41800,0,40960,40960,d32b842c0fdea325
dev,synthetic_sky_all_seeded_fresh,10,9.334805,8.987423,3.721368,9.594051,9.244078,9.671028,9.535995,9.24156,9.402031,8.99129,8.985519,24,12,63312,41800,0,40960,40960,d32b842c0fdea325
dev,synthetic_sky_all_seeded_retained,10,14.678478,9.928923,32.357272,15.180717,10.142878,15.258212,11.338133,14.523439,14.72514,9.919932,9.936532,24,12,63312,41800,0,40960,40960,d32b842c0fdea325
dev,synthetic_solid_dark_fresh,10,4.86861,4.581734,5.89237,4.917796,4.740125,5.013475,4.870108,4.831602,4.891502,4.582616,4.581553,14,12,42672,41800,0,0,0,11253a7d791ea325
dev,synthetic_terrain_caves_filters_fresh,10,8.454219,7.969886,5.728897,8.520202,8.249356,8.522116,8.514042,8.394181,8.48122,7.963639,7.986571,30,24,75696,66568,0,32133,1588,98073533eb8b9400
dev,synthetic_terrain_caves_filters_retained,10,12.874192,9.971784,22.544387,13.323981,10.922075,13.357327,11.592298,12.903835,12.865458,9.960027,9.982993,30,24,75696,66568,0,32038,20384,98073533eb8b9400
dev,synthetic_sparse_emitters_fresh,10,5.6975,5.336144,6.342344,5.899402,5.447999,5.963351,5.760453,5.667174,5.724615,5.329743,5.338163,22,20,59184,58312,0,9859,1423,fa92497282b8817d
dev,synthetic_sparse_emitters_retained,10,7.256781,6.339491,12.64046,7.411693,6.565349,7.436088,6.623155,7.241294,7.26004,6.348147,6.332537,22,20,59184,58312,0,9859,9859,fa92497282b8817d
dev,synthetic_dense_emitters_fresh,10,9.674239,9.231058,4.581037,9.85889,9.483967,10.068682,9.645278,9.652844,9.680682,9.235407,9.229535,24,22,63312,62440,0,53822,20731,08f5d5d78b19b150
dev,synthetic_dense_emitters_retained,10,13.081837,10.504961,19.69812,13.579458,10.752598,13.596861,10.988509,13.108432,13.073517,10.512039,10.478505,24,22,63312,62440,0,40960,40960,08f5d5d78b19b150
dev,synthetic_removed_emitters_retained,10,7.392183,6.546763,11.436675,7.501149,6.636541,7.513643,6.909662,7.392411,7.392183,6.544865,6.551762,14,12,42672,41800,9859,0,1423,11253a7d791ea325
dev,synthetic_trusted_halo_fresh,10,9.215758,8.72684,5.305234,9.298397,8.80699,9.360578,8.833561,9.186101,9.218823,8.726385,8.727346,26,14,67440,45928,0,42648,304,32477508041d0995
dev,synthetic_trusted_halo_retained,10,15.17555,11.225033,26.032123,15.455437,11.859789,15.51066,11.988128,15.104125,15.182234,11.219658,11.233448,26,14,67440,45928,0,42648,40960,32477508041d0995
dev,synthetic_sky_top_fresh,24,21.774251,20.636734,5.224136,21.875925,22.395912,21.946347,23.675825,21.703002,21.795777,20.616792,20.679161,58,29,153600,100864,0,98304,256,5c44852e53802325
dev,synthetic_sky_top_retained,24,35.709033,26.682243,25.278728,36.650407,28.007459,36.704429,29.967845,35.605413,35.74738,26.642205,26.691885,58,29,153600,100864,0,98304,98304,5c44852e53802325
dev,synthetic_sky_all_seeded_fresh,24,22.405887,21.485735,4.106742,22.826063,21.663494,25.967617,21.67724,22.23969,22.444795,21.588273,21.478586,58,29,153600,100864,0,98304,98304,5c44852e53802325
dev,synthetic_sky_all_seeded_retained,24,35.212288,23.871255,32.207601,37.149817,24.081015,40.310666,24.088208,35.092608,35.283316,23.880004,23.863626,58,29,153600,100864,0,98304,98304,5c44852e53802325
dev,synthetic_solid_dark_fresh,24,11.691682,10.975475,6.125786,11.844579,11.024227,12.103091,11.472966,11.640106,11.729052,10.982609,10.969583,34,29,104064,100864,0,0,0,f5edab31b6802325
dev,synthetic_terrain_caves_filters_fresh,24,20.302438,19.167163,5.591816,20.500624,19.359815,20.50406,19.583434,20.245615,20.35971,19.173231,19.162679,69,53,176304,150400,0,79153,4167,a17ad85d024b128c
dev,synthetic_terrain_caves_filters_retained,24,31.235033,24.105494,22.825457,31.890263,24.845451,31.966256,24.934427,31.224382,31.39509,24.085804,24.192656,69,53,176304,150400,0,79058,49056,a17ad85d024b128c
dev,synthetic_sparse_emitters_fresh,24,13.382358,12.49652,6.619446,13.749545,13.111601,13.78935,13.364533,13.319962,13.395488,12.494711,12.501653,51,46,139152,135952,0,19864,2905,16c32f556484b5a2
dev,synthetic_sparse_emitters_retained,24,16.981779,14.878177,12.387407,17.948858,15.038664,18.225556,15.332792,16.913798,16.995009,14.901072,14.867166,51,46,139152,135952,0,19864,19864,16c32f556484b5a2
dev,synthetic_dense_emitters_fresh,24,23.196514,21.996634,5.172672,23.607732,22.509843,23.747845,22.550309,23.126773,23.274546,21.965809,22.049062,58,53,153600,150400,0,129177,49851,ef92b4f19a934f32
dev,synthetic_dense_emitters_retained,24,31.607217,25.28517,20.001908,32.596912,26.325178,35.431042,29.95009,31.641141,31.586417,25.296898,25.254045,58,53,153600,150400,0,98304,98304,ef92b4f19a934f32
dev,synthetic_removed_emitters_retained,24,17.197755,15.326681,10.879757,17.73356,15.997445,17.872389,17.383977,17.172752,17.243007,15.347957,15.306573,34,29,104064,100864,19864,0,2905,f5edab31b6802325
dev,synthetic_trusted_halo_fresh,24,21.940606,20.745398,5.447468,22.429999,21.012654,22.645001,21.092974,21.804404,21.984804,20.727438,20.761829,60,31,157728,104992,0,99992,304,d8c68bc4cc042995
dev,synthetic_trusted_halo_retained,24,36.046051,26.812635,25.615609,36.978384,26.943624,37.553189,26.960355,35.928464,36.157685,26.786093,26.837741,60,31,157728,104992,0,99992,98304,d8c68bc4cc042995
pr349,synthetic_sky_top_fresh,24,14.913829,13.566261,9.035694,15.517395,14.016698,18.098722,14.129789,14.869594,14.929409,13.584986,13.513267,58,29,153600,100864,0,98304,256,5c44852e53802325
pr349,synthetic_sky_top_retained,24,23.224286,17.179797,26.026583,23.912899,17.514848,24.02363,17.535958,23.256065,23.187653,17.078218,17.247223,58,29,153600,100864,0,98304,98304,5c44852e53802325
pr349,synthetic_sky_all_seeded_fresh,24,14.90915,13.526792,9.271877,15.391517,13.623092,15.522141,13.690929,14.81665,14.924525,13.545602,13.490834,58,29,153600,100864,0,98304,98304,5c44852e53802325
pr349,synthetic_sky_all_seeded_retained,24,23.060871,15.230883,33.953564,23.308249,15.543322,23.484809,15.787638,23.082394,23.015772,15.199334,15.280952,58,29,153600,100864,0,98304,98304,5c44852e53802325
pr349,synthetic_solid_dark_fresh,24,6.331348,5.415977,14.457766,6.392992,5.437166,6.393724,5.5297,6.25473,6.35682,5.423806,5.302754,34,29,104064,100864,0,0,0,f5edab31b6802325
pr349,synthetic_terrain_caves_filters_fresh,24,13.718228,12.334452,10.087137,13.951767,13.316729,14.352967,14.48845,13.601803,13.726515,12.340478,12.316433,69,53,176304,150400,0,79058,4167,a17ad85d024b128c
pr349,synthetic_terrain_caves_filters_retained,24,20.776083,15.576894,25.024872,21.059304,15.934103,22.001419,16.556647,20.830053,20.707622,15.55528,15.588787,69,53,176304,150400,0,79058,49056,a17ad85d024b128c
pr349,synthetic_sparse_emitters_fresh,24,7.815733,6.703604,14.229356,8.132125,6.826323,8.201925,6.872139,7.740878,7.847492,6.736491,6.650965,51,46,139152,135952,0,19864,2905,16c32f556484b5a2
pr349,synthetic_sparse_emitters_retained,24,10.73385,8.670722,19.220764,11.131433,9.125942,11.251839,9.148926,10.759603,10.703342,8.66694,8.681557,51,46,139152,135952,0,19864,19864,16c32f556484b5a2
pr349,synthetic_dense_emitters_fresh,24,14.626957,13.221867,9.606174,14.796795,13.387822,14.896161,13.429731,14.548282,14.647967,13.241884,13.206001,58,53,153600,150400,0,111062,37575,ef92b4f19a934f32
pr349,synthetic_dense_emitters_retained,24,21.716508,16.543011,23.822881,22.475752,17.086808,22.53712,18.288825,21.747098,21.676874,16.56155,16.528227,58,53,153600,150400,0,98304,98304,ef92b4f19a934f32
pr349,synthetic_removed_emitters_retained,24,10.698087,8.804858,17.696901,10.779104,8.918525,10.802719,9.024744,10.709254,10.67626,8.769492,8.818548,34,29,104064,100864,19864,0,2905,f5edab31b6802325
pr349,synthetic_trusted_halo_fresh,24,15.022578,13.672003,8.990304,15.235445,13.97551,15.288554,14.178851,14.934209,15.13112,13.69153,13.651449,60,31,157728,104992,0,99992,304,d8c68bc4cc042995
pr349,synthetic_trusted_halo_retained,24,23.51539,17.322277,26.336423,24.117345,17.708299,24.210809,19.421212,23.480368,23.524823,17.215163,17.351257,60,31,157728,104992,0,99992,98304,d8c68bc4cc042995
