-1125	minecraft:sulfur_spike
-1124	minecraft:chiseled_cinnabar
-1123	minecraft:cinnabar_brick_wall
-1122	minecraft:cinnabar_brick_stairs
-1120	minecraft:cinnabar_brick_slab
-1119	minecraft:cinnabar_bricks
-1118	minecraft:polished_cinnabar_wall
-1117	minecraft:polished_cinnabar_stairs
-1115	minecraft:polished_cinnabar_slab
-1114	minecraft:polished_cinnabar
-1113	minecraft:cinnabar_wall
-1112	minecraft:cinnabar_stairs
-1110	minecraft:cinnabar_slab
-1109	minecraft:cinnabar
-1108	minecraft:potent_sulfur
-1107	minecraft:chiseled_sulfur
-1106	minecraft:sulfur_brick_wall
-1105	minecraft:sulfur_brick_stairs
-1103	minecraft:sulfur_brick_slab
-1102	minecraft:sulfur_bricks
-1101	minecraft:polished_sulfur_wall
-1100	minecraft:polished_sulfur_stairs
-1098	minecraft:polished_sulfur_slab
-1097	minecraft:polished_sulfur
-1096	minecraft:sulfur_wall
-1095	minecraft:sulfur_stairs
-1093	minecraft:sulfur_slab
-1092	minecraft:sulfur
-1091	minecraft:golden_dandelion
-1090	minecraft:waxed_oxidized_copper_lantern
-1089	minecraft:waxed_weathered_copper_lantern
-1088	minecraft:waxed_exposed_copper_lantern
-1087	minecraft:waxed_copper_lantern
-1086	minecraft:oxidized_copper_lantern
-1085	minecraft:weathered_copper_lantern
-1084	minecraft:exposed_copper_lantern
-1083	minecraft:copper_lantern
-1082	minecraft:copper_torch
-1081	minecraft:waxed_oxidized_copper_chain
-1080	minecraft:waxed_weathered_copper_chain
-1079	minecraft:waxed_exposed_copper_chain
-1078	minecraft:waxed_copper_chain
-1077	minecraft:oxidized_copper_chain
-1076	minecraft:weathered_copper_chain
-1075	minecraft:exposed_copper_chain
-1074	minecraft:copper_chain
-1073	minecraft:waxed_oxidized_copper_bars
-1072	minecraft:waxed_weathered_copper_bars
-1071	minecraft:waxed_exposed_copper_bars
-1070	minecraft:waxed_copper_bars
-1069	minecraft:oxidized_copper_bars
-1068	minecraft:weathered_copper_bars
-1067	minecraft:exposed_copper_bars
-1066	minecraft:copper_bars
-1065	minecraft:waxed_oxidized_lightning_rod
-1064	minecraft:waxed_weathered_lightning_rod
-1063	minecraft:waxed_exposed_lightning_rod
-1062	minecraft:waxed_lightning_rod
-1061	minecraft:oxidized_lightning_rod
-1060	minecraft:weathered_lightning_rod
-1059	minecraft:exposed_lightning_rod
-1058	minecraft:warped_shelf
-1057	minecraft:crimson_shelf
-1056	minecraft:bamboo_shelf
-1055	minecraft:pale_oak_shelf
-1054	minecraft:cherry_shelf
-1053	minecraft:mangrove_shelf
-1052	minecraft:dark_oak_shelf
-1051	minecraft:acacia_shelf
-1050	minecraft:jungle_shelf
-1049	minecraft:birch_shelf
-1048	minecraft:spruce_shelf
-1047	minecraft:oak_shelf
-1046	minecraft:waxed_oxidized_copper_golem_statue
-1045	minecraft:waxed_weathered_copper_golem_statue
-1044	minecraft:waxed_exposed_copper_golem_statue
-1043	minecraft:waxed_copper_golem_statue
-1042	minecraft:oxidized_copper_golem_statue
-1041	minecraft:weathered_copper_golem_statue
-1040	minecraft:exposed_copper_golem_statue
-1039	minecraft:copper_golem_statue
-1038	minecraft:waxed_oxidized_copper_chest
-1037	minecraft:waxed_weathered_copper_chest
-1036	minecraft:waxed_exposed_copper_chest
-1035	minecraft:waxed_copper_chest
-1034	minecraft:oxidized_copper_chest
-1033	minecraft:weathered_copper_chest
-1032	minecraft:exposed_copper_chest
-1031	minecraft:copper_chest
-1030	minecraft:cactus_flower
-1029	minecraft:tall_dry_grass
-1028	minecraft:short_dry_grass
-1027	minecraft:dried_ghast
-1026	minecraft:leaf_litter
-1025	minecraft:firefly_bush
-1024	minecraft:wildflowers
-1023	minecraft:bush
-1022	minecraft:resin_clump
-1021	minecraft:resin_block
-1020	minecraft:chiseled_resin_bricks
-1019	minecraft:closed_eyeblossom
-1018	minecraft:open_eyeblossom
-1017	minecraft:resin_brick_wall
-1016	minecraft:resin_brick_stairs
-1014	minecraft:resin_brick_slab
-1013	minecraft:resin_bricks
-1012	minecraft:creaking_heart
-1011	minecraft:pale_hanging_moss
-1010	minecraft:pale_moss_carpet
-1009	minecraft:pale_moss_block
-1008	minecraft:mushroom_stem
-1007	minecraft:pale_oak_leaves
-1006	minecraft:pale_oak_sapling
-1005	minecraft:pale_oak_wood
-1004	minecraft:stripped_pale_oak_wood
-1002	minecraft:pale_oak_trapdoor
-1000	minecraft:pale_oak_stairs
-998	minecraft:pale_oak_slab
-997	minecraft:pale_oak_pressure_plate
-996	minecraft:pale_oak_planks
-995	minecraft:pale_oak_log
-994	minecraft:stripped_pale_oak_log
-993	minecraft:pale_oak_hanging_sign
-992	minecraft:pale_oak_fence_gate
-991	minecraft:pale_oak_fence
-990	minecraft:pale_oak_door
-989	minecraft:pale_oak_button
-984	minecraft:wet_sponge
-983	minecraft:red_nether_brick_wall
-982	minecraft:red_sandstone_wall
-981	minecraft:prismarine_wall
-980	minecraft:end_stone_brick_wall
-979	minecraft:nether_brick_wall
-978	minecraft:mossy_stone_brick_wall
-977	minecraft:stone_brick_wall
-976	minecraft:brick_wall
-975	minecraft:sandstone_wall
-974	minecraft:andesite_wall
-973	minecraft:diorite_wall
-972	minecraft:granite_wall
-971	minecraft:mossy_cobblestone_wall
-970	minecraft:piglin_head
-969	minecraft:dragon_head
-968	minecraft:creeper_head
-967	minecraft:player_head
-966	minecraft:zombie_head
-965	minecraft:wither_skeleton_skull
-962	minecraft:coarse_dirt
-960	minecraft:damaged_anvil
-959	minecraft:chipped_anvil
-958	minecraft:smooth_red_sandstone
-957	minecraft:cut_red_sandstone
-956	minecraft:chiseled_red_sandstone
-955	minecraft:smooth_quartz
-954	minecraft:quartz_pillar
-953	minecraft:chiseled_quartz_block
-951	minecraft:purpur_pillar
-949	minecraft:red_sand
-948	minecraft:prismarine_bricks
-947	minecraft:dark_prismarine
-946	minecraft:smooth_sandstone
-945	minecraft:cut_sandstone
-944	minecraft:chiseled_sandstone
-901	minecraft:cut_red_sandstone_slab
-900	minecraft:cut_sandstone_slab
-899	minecraft:normal_stone_slab
-898	minecraft:smooth_quartz_slab
-897	minecraft:polished_granite_slab
-896	minecraft:granite_slab
-895	minecraft:polished_diorite_slab
-894	minecraft:diorite_slab
-893	minecraft:andesite_slab
-892	minecraft:polished_andesite_slab
-891	minecraft:smooth_red_sandstone_slab
-890	minecraft:red_nether_brick_slab
-889	minecraft:smooth_sandstone_slab
-888	minecraft:mossy_cobblestone_slab
-887	minecraft:prismarine_brick_slab
-886	minecraft:dark_prismarine_slab
-885	minecraft:prismarine_slab
-884	minecraft:purpur_slab
-877	minecraft:nether_brick_slab
-876	minecraft:quartz_slab
-875	minecraft:stone_brick_slab
-874	minecraft:brick_slab
-873	minecraft:cobblestone_slab
-872	minecraft:sandstone_slab
-870	minecraft:chiseled_stone_bricks
-869	minecraft:cracked_stone_bricks
-868	minecraft:mossy_stone_bricks
-867	minecraft:peony
-866	minecraft:rose_bush
-865	minecraft:large_fern
-864	minecraft:tall_grass
-863	minecraft:lilac
-862	minecraft:infested_chiseled_stone_bricks
-861	minecraft:infested_cracked_stone_bricks
-860	minecraft:infested_mossy_stone_bricks
-859	minecraft:infested_stone_bricks
-858	minecraft:infested_cobblestone
-857	minecraft:dead_horn_coral_block
-856	minecraft:dead_fire_coral_block
-855	minecraft:dead_bubble_coral_block
-854	minecraft:dead_brain_coral_block
-853	minecraft:dead_tube_coral_block
-852	minecraft:horn_coral_block
-851	minecraft:fire_coral_block
-850	minecraft:bubble_coral_block
-849	minecraft:brain_coral_block
-848	minecraft:fern
-847	minecraft:dead_horn_coral_fan
-846	minecraft:dead_fire_coral_fan
-845	minecraft:dead_bubble_coral_fan
-844	minecraft:dead_brain_coral_fan
-843	minecraft:horn_coral_fan
-842	minecraft:fire_coral_fan
-841	minecraft:bubble_coral_fan
-840	minecraft:brain_coral_fan
-839	minecraft:lily_of_the_valley
-838	minecraft:cornflower
-837	minecraft:oxeye_daisy
-836	minecraft:pink_tulip
-835	minecraft:white_tulip
-834	minecraft:orange_tulip
-833	minecraft:red_tulip
-832	minecraft:azure_bluet
-831	minecraft:allium
-830	minecraft:blue_orchid
-829	minecraft:dark_oak_sapling
-828	minecraft:acacia_sapling
-827	minecraft:jungle_sapling
-826	minecraft:birch_sapling
-825	minecraft:spruce_sapling
-824	minecraft:stripped_dark_oak_wood
-823	minecraft:stripped_acacia_wood
-822	minecraft:stripped_jungle_wood
-821	minecraft:stripped_birch_wood
-820	minecraft:stripped_spruce_wood
-819	minecraft:stripped_oak_wood
-818	minecraft:dark_oak_wood
-817	minecraft:acacia_wood
-816	minecraft:jungle_wood
-815	minecraft:birch_wood
-814	minecraft:spruce_wood
-808	minecraft:dark_oak_slab
-807	minecraft:acacia_slab
-806	minecraft:jungle_slab
-805	minecraft:birch_slab
-804	minecraft:spruce_slab
-803	minecraft:dark_oak_leaves
-802	minecraft:jungle_leaves
-801	minecraft:birch_leaves
-800	minecraft:spruce_leaves
-799	minecraft:waxed_oxidized_copper_trapdoor
-798	minecraft:waxed_weathered_copper_trapdoor
-797	minecraft:waxed_exposed_copper_trapdoor
-796	minecraft:waxed_copper_trapdoor
-795	minecraft:oxidized_copper_trapdoor
-794	minecraft:weathered_copper_trapdoor
-793	minecraft:exposed_copper_trapdoor
-792	minecraft:copper_trapdoor
-791	minecraft:waxed_oxidized_copper_door
-790	minecraft:waxed_weathered_copper_door
-789	minecraft:waxed_exposed_copper_door
-788	minecraft:waxed_copper_door
-787	minecraft:oxidized_copper_door
-786	minecraft:weathered_copper_door
-785	minecraft:exposed_copper_door
-784	minecraft:copper_door
-783	minecraft:waxed_oxidized_copper_bulb
-782	minecraft:waxed_weathered_copper_bulb
-781	minecraft:waxed_exposed_copper_bulb
-780	minecraft:waxed_copper_bulb
-779	minecraft:oxidized_copper_bulb
-778	minecraft:weathered_copper_bulb
-777	minecraft:exposed_copper_bulb
-776	minecraft:copper_bulb
-775	minecraft:waxed_oxidized_copper_grate
-774	minecraft:waxed_weathered_copper_grate
-773	minecraft:waxed_exposed_copper_grate
-772	minecraft:waxed_copper_grate
-771	minecraft:oxidized_copper_grate
-770	minecraft:weathered_copper_grate
-769	minecraft:exposed_copper_grate
-768	minecraft:copper_grate
-767	minecraft:waxed_weathered_chiseled_copper
-766	minecraft:waxed_oxidized_chiseled_copper
-765	minecraft:waxed_exposed_chiseled_copper
-764	minecraft:waxed_chiseled_copper
-763	minecraft:oxidized_chiseled_copper
-762	minecraft:weathered_chiseled_copper
-761	minecraft:exposed_chiseled_copper
-760	minecraft:chiseled_copper
-759	minecraft:chiseled_tuff_bricks
-758	minecraft:tuff_brick_wall
-757	minecraft:tuff_brick_stairs
-755	minecraft:tuff_brick_slab
-754	minecraft:tuff_bricks
-753	minecraft:chiseled_tuff
-752	minecraft:polished_tuff_wall
-751	minecraft:polished_tuff_stairs
-749	minecraft:polished_tuff_slab
-748	minecraft:polished_tuff
-747	minecraft:tuff_wall
-746	minecraft:tuff_stairs
-744	minecraft:tuff_slab
-743	minecraft:dark_oak_planks
-742	minecraft:acacia_planks
-741	minecraft:jungle_planks
-740	minecraft:birch_planks
-739	minecraft:spruce_planks
-738	minecraft:black_terracotta
-737	minecraft:red_terracotta
-736	minecraft:green_terracotta
-735	minecraft:brown_terracotta
-734	minecraft:blue_terracotta
-733	minecraft:purple_terracotta
-732	minecraft:cyan_terracotta
-731	minecraft:light_gray_terracotta
-730	minecraft:gray_terracotta
-729	minecraft:pink_terracotta
-728	minecraft:lime_terracotta
-727	minecraft:yellow_terracotta
-726	minecraft:light_blue_terracotta
-725	minecraft:magenta_terracotta
-724	minecraft:orange_terracotta
-723	minecraft:black_concrete_powder
-722	minecraft:red_concrete_powder
-721	minecraft:green_concrete_powder
-720	minecraft:brown_concrete_powder
-719	minecraft:blue_concrete_powder
-718	minecraft:purple_concrete_powder
-717	minecraft:cyan_concrete_powder
-716	minecraft:light_gray_concrete_powder
-715	minecraft:gray_concrete_powder
-714	minecraft:pink_concrete_powder
-713	minecraft:lime_concrete_powder
-712	minecraft:yellow_concrete_powder
-711	minecraft:light_blue_concrete_powder
-710	minecraft:magenta_concrete_powder
-709	minecraft:orange_concrete_powder
-687	minecraft:black_stained_glass
-686	minecraft:red_stained_glass
-685	minecraft:green_stained_glass
-684	minecraft:brown_stained_glass
-683	minecraft:blue_stained_glass
-682	minecraft:purple_stained_glass
-681	minecraft:cyan_stained_glass
-680	minecraft:light_gray_stained_glass
-679	minecraft:gray_stained_glass
-678	minecraft:pink_stained_glass
-677	minecraft:lime_stained_glass
-676	minecraft:yellow_stained_glass
-675	minecraft:light_blue_stained_glass
-674	minecraft:magenta_stained_glass
-673	minecraft:orange_stained_glass
-657	minecraft:black_stained_glass_pane
-656	minecraft:red_stained_glass_pane
-655	minecraft:green_stained_glass_pane
-654	minecraft:brown_stained_glass_pane
-653	minecraft:blue_stained_glass_pane
-652	minecraft:purple_stained_glass_pane
-651	minecraft:cyan_stained_glass_pane
-650	minecraft:light_gray_stained_glass_pane
-649	minecraft:gray_stained_glass_pane
-648	minecraft:pink_stained_glass_pane
-647	minecraft:lime_stained_glass_pane
-646	minecraft:yellow_stained_glass_pane
-645	minecraft:light_blue_stained_glass_pane
-644	minecraft:magenta_stained_glass_pane
-643	minecraft:orange_stained_glass_pane
-642	minecraft:black_concrete
-641	minecraft:red_concrete
-640	minecraft:green_concrete
-639	minecraft:brown_concrete
-638	minecraft:blue_concrete
-637	minecraft:purple_concrete
-636	minecraft:cyan_concrete
-635	minecraft:light_gray_concrete
-634	minecraft:gray_concrete
-633	minecraft:pink_concrete
-632	minecraft:lime_concrete
-631	minecraft:yellow_concrete
-630	minecraft:light_blue_concrete
-629	minecraft:magenta_concrete
-628	minecraft:orange_concrete
-627	minecraft:black_shulker_box
-626	minecraft:red_shulker_box
-625	minecraft:green_shulker_box
-624	minecraft:brown_shulker_box
-623	minecraft:blue_shulker_box
-622	minecraft:purple_shulker_box
-621	minecraft:cyan_shulker_box
-620	minecraft:light_gray_shulker_box
-619	minecraft:gray_shulker_box
-618	minecraft:pink_shulker_box
-617	minecraft:lime_shulker_box
-616	minecraft:yellow_shulker_box
-615	minecraft:light_blue_shulker_box
-614	minecraft:magenta_shulker_box
-613	minecraft:orange_shulker_box
-612	minecraft:pitcher_plant
-611	minecraft:black_carpet
-610	minecraft:red_carpet
-609	minecraft:green_carpet
-608	minecraft:brown_carpet
-607	minecraft:blue_carpet
-606	minecraft:purple_carpet
-605	minecraft:cyan_carpet
-604	minecraft:light_gray_carpet
-603	minecraft:gray_carpet
-602	minecraft:pink_carpet
-601	minecraft:lime_carpet
-600	minecraft:yellow_carpet
-599	minecraft:light_blue_carpet
-598	minecraft:magenta_carpet
-597	minecraft:orange_carpet
-596	minecraft:sniffer_egg
-595	minecraft:polished_andesite
-594	minecraft:andesite
-593	minecraft:polished_diorite
-592	minecraft:diorite
-591	minecraft:polished_granite
-590	minecraft:granite
-589	minecraft:dead_horn_coral
-588	minecraft:dead_fire_coral
-587	minecraft:dead_bubble_coral
-586	minecraft:dead_brain_coral
-585	minecraft:dead_tube_coral
-584	minecraft:horn_coral
-583	minecraft:fire_coral
-582	minecraft:bubble_coral
-581	minecraft:brain_coral
-580	minecraft:calibrated_sculk_sensor
-579	minecraft:spruce_fence
-578	minecraft:jungle_fence
-577	minecraft:dark_oak_fence
-576	minecraft:birch_fence
-575	minecraft:acacia_fence
-573	minecraft:suspicious_gravel
-572	minecraft:dark_oak_log
-571	minecraft:jungle_log
-570	minecraft:birch_log
-569	minecraft:spruce_log
-568	minecraft:torchflower
-566	minecraft:pink_wool
-565	minecraft:magenta_wool
-564	minecraft:purple_wool
-563	minecraft:blue_wool
-562	minecraft:light_blue_wool
-561	minecraft:cyan_wool
-560	minecraft:green_wool
-559	minecraft:lime_wool
-558	minecraft:yellow_wool
-557	minecraft:orange_wool
-556	minecraft:red_wool
-555	minecraft:brown_wool
-554	minecraft:black_wool
-553	minecraft:gray_wool
-552	minecraft:light_gray_wool
-551	minecraft:decorated_pot
-549	minecraft:pink_petals
-548	minecraft:cherry_leaves
-547	minecraft:cherry_sapling
-546	minecraft:cherry_wood
-545	minecraft:stripped_cherry_wood
-543	minecraft:cherry_trapdoor
-541	minecraft:cherry_stairs
-539	minecraft:cherry_slab
-538	minecraft:cherry_pressure_plate
-537	minecraft:cherry_planks
-536	minecraft:cherry_log
-535	minecraft:stripped_cherry_log
-534	minecraft:cherry_hanging_sign
-533	minecraft:cherry_fence_gate
-532	minecraft:cherry_fence
-531	minecraft:cherry_door
-530	minecraft:cherry_button
-529	minecraft:suspicious_sand
-528	minecraft:stripped_bamboo_block
-527	minecraft:bamboo_block
-526	minecraft:chiseled_bookshelf
-524	minecraft:bamboo_mosaic_slab
-523	minecraft:bamboo_mosaic_stairs
-522	minecraft:bamboo_hanging_sign
-520	minecraft:bamboo_trapdoor
-517	minecraft:bamboo_door
-516	minecraft:bamboo_fence_gate
-515	minecraft:bamboo_fence
-514	minecraft:bamboo_pressure_plate
-513	minecraft:bamboo_slab
-512	minecraft:bamboo_stairs
-511	minecraft:bamboo_button
-510	minecraft:bamboo_planks
-509	minecraft:bamboo_mosaic
-508	minecraft:mangrove_hanging_sign
-507	minecraft:warped_hanging_sign
-506	minecraft:crimson_hanging_sign
-505	minecraft:dark_oak_hanging_sign
-504	minecraft:acacia_hanging_sign
-503	minecraft:jungle_hanging_sign
-502	minecraft:birch_hanging_sign
-501	minecraft:spruce_hanging_sign
-500	minecraft:oak_hanging_sign
-498	minecraft:stripped_mangrove_wood
-497	minecraft:mangrove_wood
-496	minecraft:mangrove_trapdoor
-492	minecraft:mangrove_fence_gate
-491	minecraft:mangrove_fence
-490	minecraft:mangrove_pressure_plate
-489	minecraft:mangrove_slab
-488	minecraft:mangrove_stairs
-487	minecraft:mangrove_button
-486	minecraft:mangrove_planks
-485	minecraft:stripped_mangrove_log
-484	minecraft:mangrove_log
-483	minecraft:muddy_mangrove_roots
-482	minecraft:mangrove_roots
-481	minecraft:mud_brick_wall
-480	minecraft:mud_brick_stairs
-478	minecraft:mud_brick_slab
-477	minecraft:packed_mud
-475	minecraft:mud_bricks
-474	minecraft:mangrove_propagule
-473	minecraft:mud
-472	minecraft:mangrove_leaves
-471	minecraft:ochre_froglight
-470	minecraft:verdant_froglight
-469	minecraft:pearlescent_froglight
-468	minecraft:frog_spawn
-466	minecraft:reinforced_deepslate
-461	minecraft:sculk_shrieker
-460	minecraft:sculk_catalyst
-459	minecraft:sculk_vein
-458	minecraft:sculk
-454	minecraft:infested_deepslate
-453	minecraft:raw_gold_block
-452	minecraft:raw_copper_block
-451	minecraft:raw_iron_block
-449	minecraft:waxed_oxidized_cut_copper_slab
-448	minecraft:waxed_oxidized_cut_copper_stairs
-447	minecraft:waxed_oxidized_cut_copper
-446	minecraft:waxed_oxidized_copper
-428	minecraft:black_candle
-427	minecraft:red_candle
-426	minecraft:green_candle
-425	minecraft:brown_candle
-424	minecraft:blue_candle
-423	minecraft:purple_candle
-422	minecraft:cyan_candle
-421	minecraft:light_gray_candle
-420	minecraft:gray_candle
-419	minecraft:pink_candle
-418	minecraft:lime_candle
-417	minecraft:yellow_candle
-416	minecraft:light_blue_candle
-415	minecraft:magenta_candle
-414	minecraft:orange_candle
-413	minecraft:white_candle
-412	minecraft:candle
-411	minecraft:glow_lichen
-410	minecraft:cracked_deepslate_bricks
-409	minecraft:cracked_deepslate_tiles
-408	minecraft:deepslate_copper_ore
-407	minecraft:deepslate_emerald_ore
-406	minecraft:deepslate_coal_ore
-405	minecraft:deepslate_diamond_ore
-403	minecraft:deepslate_redstone_ore
-402	minecraft:deepslate_gold_ore
-401	minecraft:deepslate_iron_ore
-400	minecraft:deepslate_lapis_ore
-395	minecraft:chiseled_deepslate
-394	minecraft:deepslate_brick_wall
-393	minecraft:deepslate_brick_stairs
-392	minecraft:deepslate_brick_slab
-391	minecraft:deepslate_bricks
-390	minecraft:deepslate_tile_wall
-389	minecraft:deepslate_tile_stairs
-388	minecraft:deepslate_tile_slab
-387	minecraft:deepslate_tiles
-386	minecraft:polished_deepslate_wall
-385	minecraft:polished_deepslate_stairs
-384	minecraft:polished_deepslate_slab
-383	minecraft:polished_deepslate
-382	minecraft:cobbled_deepslate_wall
-381	minecraft:cobbled_deepslate_stairs
-380	minecraft:cobbled_deepslate_slab
-379	minecraft:cobbled_deepslate
-378	minecraft:deepslate
-377	minecraft:smooth_basalt
-367	minecraft:waxed_weathered_cut_copper_slab
-366	minecraft:waxed_exposed_cut_copper_slab
-365	minecraft:waxed_cut_copper_slab
-364	minecraft:oxidized_cut_copper_slab
-363	minecraft:weathered_cut_copper_slab
-362	minecraft:exposed_cut_copper_slab
-361	minecraft:cut_copper_slab
-360	minecraft:waxed_weathered_cut_copper_stairs
-359	minecraft:waxed_exposed_cut_copper_stairs
-358	minecraft:waxed_cut_copper_stairs
-357	minecraft:oxidized_cut_copper_stairs
-356	minecraft:weathered_cut_copper_stairs
-355	minecraft:exposed_cut_copper_stairs
-354	minecraft:cut_copper_stairs
-353	minecraft:waxed_weathered_cut_copper
-352	minecraft:waxed_exposed_cut_copper
-351	minecraft:waxed_cut_copper
-350	minecraft:oxidized_cut_copper
-349	minecraft:weathered_cut_copper
-348	minecraft:exposed_cut_copper
-347	minecraft:cut_copper
-346	minecraft:waxed_weathered_copper
-345	minecraft:waxed_exposed_copper
-344	minecraft:waxed_copper
-343	minecraft:oxidized_copper
-342	minecraft:weathered_copper
-341	minecraft:exposed_copper
-340	minecraft:copper_block
-338	minecraft:flowering_azalea
-337	minecraft:azalea
-336	minecraft:small_dripleaf_block
-335	minecraft:moss_carpet
-334	minecraft:tinted_glass
-333	minecraft:tuff
-332	minecraft:small_amethyst_bud
-331	minecraft:medium_amethyst_bud
-330	minecraft:large_amethyst_bud
-329	minecraft:amethyst_cluster
-328	minecraft:budding_amethyst
-327	minecraft:amethyst_block
-326	minecraft:calcite
-325	minecraft:azalea_leaves_flowered
-324	minecraft:azalea_leaves
-323	minecraft:big_dripleaf
-321	minecraft:spore_blossom
-320	minecraft:moss_block
-319	minecraft:hanging_roots
-318	minecraft:dirt_with_roots
-317	minecraft:dripstone_block
-316	minecraft:heavy_core
-315	minecraft:trial_spawner
-314	minecraft:vault
-313	minecraft:crafter
-312	minecraft:lightning_rod
-311	minecraft:copper_ore
-308	minecraft:pointed_dripstone
-307	minecraft:sculk_sensor
-304	minecraft:quartz_bricks
-303	minecraft:cracked_nether_bricks
-302	minecraft:chiseled_nether_bricks
-301	minecraft:stripped_warped_hyphae
-300	minecraft:stripped_crimson_hyphae
-299	minecraft:crimson_hyphae
-298	minecraft:warped_hyphae
-297	minecraft:polished_blackstone_wall
-296	minecraft:polished_blackstone_button
-295	minecraft:polished_blackstone_pressure_plate
-293	minecraft:polished_blackstone_slab
-292	minecraft:polished_blackstone_stairs
-291	minecraft:polished_blackstone
-289	minecraft:crying_obsidian
-288	minecraft:nether_gold_ore
-287	minecraft:twisting_vines
-286	minecraft:iron_chain
-284	minecraft:polished_blackstone_brick_slab
-282	minecraft:blackstone_slab
-281	minecraft:gilded_blackstone
-280	minecraft:cracked_polished_blackstone_bricks
-279	minecraft:chiseled_polished_blackstone
-278	minecraft:polished_blackstone_brick_wall
-277	minecraft:blackstone_wall
-276	minecraft:blackstone_stairs
-275	minecraft:polished_blackstone_brick_stairs
-274	minecraft:polished_blackstone_bricks
-273	minecraft:blackstone
-272	minecraft:respawn_anchor
-271	minecraft:ancient_debris
-270	minecraft:netherite_block
-269	minecraft:soul_lantern
-268	minecraft:soul_torch
-265	minecraft:warped_slab
-264	minecraft:crimson_slab
-263	minecraft:warped_pressure_plate
-262	minecraft:crimson_pressure_plate
-261	minecraft:warped_button
-260	minecraft:crimson_button
-259	minecraft:warped_fence_gate
-258	minecraft:crimson_fence_gate
-257	minecraft:warped_fence
-256	minecraft:crimson_fence
-255	minecraft:warped_stairs
-254	minecraft:crimson_stairs
-247	minecraft:warped_trapdoor
-246	minecraft:crimson_trapdoor
-243	minecraft:warped_planks
-242	minecraft:crimson_planks
-241	minecraft:stripped_warped_stem
-240	minecraft:stripped_crimson_stem
-239	minecraft:target
-236	minecraft:soul_soil
-235	minecraft:polished_basalt
-234	minecraft:basalt
-233	minecraft:warped_nylium
-232	minecraft:crimson_nylium
-231	minecraft:weeping_vines
-230	minecraft:shroomlight
-229	minecraft:warped_fungus
-228	minecraft:crimson_fungus
-227	minecraft:warped_wart_block
-226	minecraft:warped_stem
-225	minecraft:crimson_stem
-224	minecraft:warped_roots
-223	minecraft:crimson_roots
-222	minecraft:lodestone
-221	minecraft:honeycomb_block
-220	minecraft:honey_block
-219	minecraft:beehive
-218	minecraft:bee_nest
-216	minecraft:wither_rose
-213	minecraft:composter
-212	minecraft:oak_wood
-208	minecraft:lantern
-206	minecraft:bell
-204	minecraft:loom
-203	minecraft:barrel
-202	minecraft:smithing_table
-201	minecraft:fletching_table
-200	minecraft:cartography_table
-198	minecraft:smoker
-197	minecraft:stonecutter_block
-196	minecraft:blast_furnace
-195	minecraft:grindstone
-194	minecraft:lectern
-185	minecraft:smooth_quartz_stairs
-184	minecraft:red_nether_brick_stairs
-183	minecraft:smooth_stone
-180	minecraft:normal_stone_stairs
-179	minecraft:mossy_cobblestone_stairs
-178	minecraft:end_brick_stairs
-177	minecraft:smooth_sandstone_stairs
-176	minecraft:smooth_red_sandstone_stairs
-175	minecraft:mossy_stone_brick_stairs
-174	minecraft:polished_andesite_stairs
-173	minecraft:polished_diorite_stairs
-172	minecraft:polished_granite_stairs
-171	minecraft:andesite_stairs
-170	minecraft:diorite_stairs
-169	minecraft:granite_stairs
-166	minecraft:mossy_stone_brick_slab
-165	minecraft:scaffolding
-163	minecraft:bamboo
-162	minecraft:end_stone_brick_slab
-159	minecraft:turtle_egg
-157	minecraft:conduit
-156	minecraft:sea_pickle
-155	minecraft:carved_pumpkin
-154	minecraft:spruce_pressure_plate
-153	minecraft:jungle_pressure_plate
-152	minecraft:dark_oak_pressure_plate
-151	minecraft:birch_pressure_plate
-150	minecraft:acacia_pressure_plate
-149	minecraft:spruce_trapdoor
-148	minecraft:jungle_trapdoor
-147	minecraft:dark_oak_trapdoor
-146	minecraft:birch_trapdoor
-145	minecraft:acacia_trapdoor
-144	minecraft:spruce_button
-143	minecraft:jungle_button
-142	minecraft:dark_oak_button
-141	minecraft:birch_button
-140	minecraft:acacia_button
-139	minecraft:dried_kelp_block
-134	minecraft:dead_tube_coral_fan
-133	minecraft:tube_coral_fan
-132	minecraft:tube_coral_block
-131	minecraft:tube_coral
-130	minecraft:seagrass
-11	minecraft:blue_ice
-10	minecraft:stripped_oak_log
-9	minecraft:stripped_dark_oak_log
-8	minecraft:stripped_acacia_log
-7	minecraft:stripped_jungle_log
-6	minecraft:stripped_birch_log
-5	minecraft:stripped_spruce_log
-4	minecraft:prismarine_bricks_stairs
-3	minecraft:dark_prismarine_stairs
-2	minecraft:prismarine_stairs
1	minecraft:stone
2	minecraft:grass_block
3	minecraft:dirt
4	minecraft:cobblestone
5	minecraft:oak_planks
6	minecraft:oak_sapling
7	minecraft:bedrock
12	minecraft:sand
13	minecraft:gravel
14	minecraft:gold_ore
15	minecraft:iron_ore
16	minecraft:coal_ore
17	minecraft:oak_log
18	minecraft:oak_leaves
19	minecraft:sponge
20	minecraft:glass
21	minecraft:lapis_ore
22	minecraft:lapis_block
23	minecraft:dispenser
24	minecraft:sandstone
25	minecraft:noteblock
27	minecraft:golden_rail
28	minecraft:detector_rail
29	minecraft:sticky_piston
30	minecraft:web
31	minecraft:short_grass
32	minecraft:deadbush
33	minecraft:piston
35	minecraft:white_wool
37	minecraft:dandelion
38	minecraft:poppy
39	minecraft:brown_mushroom
40	minecraft:red_mushroom
41	minecraft:gold_block
42	minecraft:iron_block
44	minecraft:smooth_stone_slab
45	minecraft:brick_block
46	minecraft:tnt
47	minecraft:bookshelf
48	minecraft:mossy_cobblestone
49	minecraft:obsidian
50	minecraft:torch
52	minecraft:mob_spawner
53	minecraft:oak_stairs
54	minecraft:chest
56	minecraft:diamond_ore
57	minecraft:diamond_block
58	minecraft:crafting_table
60	minecraft:farmland
61	minecraft:furnace
65	minecraft:ladder
66	minecraft:rail
67	minecraft:stone_stairs
69	minecraft:lever
70	minecraft:stone_pressure_plate
72	minecraft:wooden_pressure_plate
73	minecraft:redstone_ore
76	minecraft:redstone_torch
77	minecraft:stone_button
78	minecraft:snow_layer
79	minecraft:ice
80	minecraft:snow
81	minecraft:cactus
82	minecraft:clay
84	minecraft:jukebox
85	minecraft:oak_fence
86	minecraft:pumpkin
87	minecraft:netherrack
88	minecraft:soul_sand
89	minecraft:glowstone
91	minecraft:lit_pumpkin
96	minecraft:trapdoor
97	minecraft:infested_stone
98	minecraft:stone_bricks
99	minecraft:brown_mushroom_block
100	minecraft:red_mushroom_block
101	minecraft:iron_bars
102	minecraft:glass_pane
103	minecraft:melon_block
106	minecraft:vine
107	minecraft:fence_gate
108	minecraft:brick_stairs
109	minecraft:stone_brick_stairs
110	minecraft:mycelium
111	minecraft:waterlily
112	minecraft:nether_brick
113	minecraft:nether_brick_fence
114	minecraft:nether_brick_stairs
116	minecraft:enchanting_table
120	minecraft:end_portal_frame
121	minecraft:end_stone
122	minecraft:dragon_egg
123	minecraft:redstone_lamp
125	minecraft:dropper
126	minecraft:activator_rail
128	minecraft:sandstone_stairs
129	minecraft:emerald_ore
130	minecraft:ender_chest
131	minecraft:tripwire_hook
133	minecraft:emerald_block
134	minecraft:spruce_stairs
135	minecraft:birch_stairs
136	minecraft:jungle_stairs
138	minecraft:beacon
139	minecraft:cobblestone_wall
143	minecraft:wooden_button
144	minecraft:skeleton_skull
145	minecraft:anvil
146	minecraft:trapped_chest
147	minecraft:light_weighted_pressure_plate
148	minecraft:heavy_weighted_pressure_plate
151	minecraft:daylight_detector
152	minecraft:redstone_block
153	minecraft:quartz_ore
155	minecraft:quartz_block
156	minecraft:quartz_stairs
158	minecraft:oak_slab
159	minecraft:white_terracotta
160	minecraft:white_stained_glass_pane
161	minecraft:acacia_leaves
162	minecraft:acacia_log
163	minecraft:acacia_stairs
164	minecraft:dark_oak_stairs
165	minecraft:slime
167	minecraft:iron_trapdoor
168	minecraft:prismarine
169	minecraft:sea_lantern
170	minecraft:hay_block
171	minecraft:white_carpet
172	minecraft:hardened_clay
173	minecraft:coal_block
174	minecraft:packed_ice
175	minecraft:sunflower
179	minecraft:red_sandstone
180	minecraft:red_sandstone_stairs
182	minecraft:red_sandstone_slab
183	minecraft:spruce_fence_gate
184	minecraft:birch_fence_gate
185	minecraft:jungle_fence_gate
186	minecraft:dark_oak_fence_gate
187	minecraft:acacia_fence_gate
198	minecraft:grass_path
200	minecraft:chorus_flower
201	minecraft:purpur_block
203	minecraft:purpur_stairs
205	minecraft:undyed_shulker_box
206	minecraft:end_bricks
208	minecraft:end_rod
213	minecraft:magma
214	minecraft:nether_wart_block
215	minecraft:red_nether_brick
216	minecraft:bone_block
218	minecraft:white_shulker_box
219	minecraft:purple_glazed_terracotta
220	minecraft:white_glazed_terracotta
221	minecraft:orange_glazed_terracotta
222	minecraft:magenta_glazed_terracotta
223	minecraft:light_blue_glazed_terracotta
224	minecraft:yellow_glazed_terracotta
225	minecraft:lime_glazed_terracotta
226	minecraft:pink_glazed_terracotta
227	minecraft:gray_glazed_terracotta
228	minecraft:silver_glazed_terracotta
229	minecraft:cyan_glazed_terracotta
231	minecraft:blue_glazed_terracotta
232	minecraft:brown_glazed_terracotta
233	minecraft:green_glazed_terracotta
234	minecraft:red_glazed_terracotta
235	minecraft:black_glazed_terracotta
236	minecraft:white_concrete
237	minecraft:white_concrete_powder
240	minecraft:chorus_plant
241	minecraft:white_stained_glass
243	minecraft:podzol
251	minecraft:observer
258	minecraft:golden_apple
259	minecraft:enchanted_golden_apple
260	minecraft:mushroom_stew
261	minecraft:bread
262	minecraft:porkchop
263	minecraft:cooked_porkchop
264	minecraft:cod
265	minecraft:salmon
266	minecraft:tropical_fish
267	minecraft:pufferfish
268	minecraft:cooked_cod
269	minecraft:cooked_salmon
270	minecraft:dried_kelp
271	minecraft:cookie
272	minecraft:melon_slice
273	minecraft:beef
274	minecraft:cooked_beef
275	minecraft:chicken
276	minecraft:cooked_chicken
277	minecraft:rotten_flesh
278	minecraft:spider_eye
279	minecraft:carrot
280	minecraft:potato
281	minecraft:baked_potato
282	minecraft:poisonous_potato
283	minecraft:golden_carrot
284	minecraft:pumpkin_pie
285	minecraft:beetroot
286	minecraft:beetroot_soup
287	minecraft:sweet_berries
288	minecraft:rabbit
289	minecraft:cooked_rabbit
290	minecraft:rabbit_stew
291	minecraft:wheat_seeds
292	minecraft:pumpkin_seeds
293	minecraft:melon_seeds
294	minecraft:nether_wart
295	minecraft:beetroot_seeds
296	minecraft:torchflower_seeds
297	minecraft:pitcher_pod
298	minecraft:iron_shovel
299	minecraft:iron_pickaxe
300	minecraft:iron_axe
301	minecraft:flint_and_steel
302	minecraft:bow
303	minecraft:arrow
304	minecraft:coal
305	minecraft:charcoal
306	minecraft:diamond
307	minecraft:iron_ingot
308	minecraft:gold_ingot
309	minecraft:iron_sword
310	minecraft:wooden_sword
311	minecraft:wooden_shovel
312	minecraft:wooden_pickaxe
313	minecraft:wooden_axe
314	minecraft:stone_sword
315	minecraft:stone_shovel
316	minecraft:stone_pickaxe
317	minecraft:stone_axe
318	minecraft:diamond_sword
319	minecraft:diamond_shovel
320	minecraft:diamond_pickaxe
321	minecraft:diamond_axe
322	minecraft:mace
323	minecraft:stick
324	minecraft:bowl
325	minecraft:golden_sword
326	minecraft:golden_shovel
327	minecraft:golden_pickaxe
328	minecraft:golden_axe
329	minecraft:string
330	minecraft:feather
331	minecraft:gunpowder
332	minecraft:wooden_hoe
333	minecraft:stone_hoe
334	minecraft:iron_hoe
335	minecraft:diamond_hoe
336	minecraft:golden_hoe
337	minecraft:wheat
338	minecraft:leather_helmet
339	minecraft:leather_chestplate
340	minecraft:leather_leggings
341	minecraft:leather_boots
342	minecraft:chainmail_helmet
343	minecraft:chainmail_chestplate
344	minecraft:chainmail_leggings
345	minecraft:chainmail_boots
346	minecraft:iron_helmet
347	minecraft:iron_chestplate
348	minecraft:iron_leggings
349	minecraft:iron_boots
350	minecraft:diamond_helmet
351	minecraft:diamond_chestplate
352	minecraft:diamond_leggings
353	minecraft:diamond_boots
354	minecraft:golden_helmet
355	minecraft:golden_chestplate
356	minecraft:golden_leggings
357	minecraft:golden_boots
358	minecraft:shield
359	minecraft:flint
360	minecraft:painting
361	minecraft:oak_sign
362	minecraft:wooden_door
363	minecraft:bucket
364	minecraft:milk_bucket
365	minecraft:water_bucket
366	minecraft:lava_bucket
367	minecraft:cod_bucket
368	minecraft:salmon_bucket
369	minecraft:tropical_fish_bucket
370	minecraft:pufferfish_bucket
371	minecraft:powder_snow_bucket
372	minecraft:axolotl_bucket
373	minecraft:minecart
374	minecraft:saddle
375	minecraft:iron_door
376	minecraft:redstone
377	minecraft:snowball
378	minecraft:oak_boat
379	minecraft:birch_boat
380	minecraft:jungle_boat
381	minecraft:spruce_boat
382	minecraft:acacia_boat
383	minecraft:dark_oak_boat
384	minecraft:leather
385	minecraft:kelp
386	minecraft:brick
387	minecraft:clay_ball
388	minecraft:sugar_cane
389	minecraft:paper
390	minecraft:book
391	minecraft:slime_ball
392	minecraft:chest_minecart
393	minecraft:egg
394	minecraft:compass
395	minecraft:fishing_rod
396	minecraft:clock
397	minecraft:glowstone_dust
398	minecraft:black_dye
399	minecraft:red_dye
400	minecraft:green_dye
401	minecraft:brown_dye
402	minecraft:blue_dye
403	minecraft:purple_dye
404	minecraft:cyan_dye
405	minecraft:light_gray_dye
406	minecraft:gray_dye
407	minecraft:pink_dye
408	minecraft:lime_dye
409	minecraft:yellow_dye
410	minecraft:light_blue_dye
411	minecraft:magenta_dye
412	minecraft:orange_dye
413	minecraft:white_dye
414	minecraft:bone_meal
415	minecraft:cocoa_beans
416	minecraft:ink_sac
417	minecraft:lapis_lazuli
418	minecraft:bone
419	minecraft:sugar
420	minecraft:cake
421	minecraft:bed
422	minecraft:repeater
424	minecraft:shears
425	minecraft:ender_pearl
426	minecraft:blaze_rod
428	minecraft:ghast_tear
429	minecraft:gold_nugget
430	minecraft:potion
431	minecraft:glass_bottle
432	minecraft:fermented_spider_eye
433	minecraft:blaze_powder
434	minecraft:magma_cream
435	minecraft:brewing_stand
436	minecraft:cauldron
437	minecraft:ender_eye
438	minecraft:glistering_melon_slice
439	minecraft:chicken_spawn_egg
440	minecraft:cow_spawn_egg
441	minecraft:pig_spawn_egg
442	minecraft:sheep_spawn_egg
443	minecraft:wolf_spawn_egg
444	minecraft:mooshroom_spawn_egg
445	minecraft:creeper_spawn_egg
446	minecraft:enderman_spawn_egg
447	minecraft:silverfish_spawn_egg
448	minecraft:skeleton_spawn_egg
449	minecraft:slime_spawn_egg
450	minecraft:spider_spawn_egg
451	minecraft:zombie_spawn_egg
452	minecraft:zombie_pigman_spawn_egg
453	minecraft:villager_spawn_egg
454	minecraft:squid_spawn_egg
455	minecraft:ocelot_spawn_egg
456	minecraft:witch_spawn_egg
457	minecraft:bat_spawn_egg
458	minecraft:ghast_spawn_egg
459	minecraft:magma_cube_spawn_egg
460	minecraft:blaze_spawn_egg
461	minecraft:cave_spider_spawn_egg
462	minecraft:horse_spawn_egg
463	minecraft:rabbit_spawn_egg
464	minecraft:endermite_spawn_egg
465	minecraft:guardian_spawn_egg
466	minecraft:stray_spawn_egg
467	minecraft:bogged_spawn_egg
468	minecraft:husk_spawn_egg
469	minecraft:wither_skeleton_spawn_egg
470	minecraft:donkey_spawn_egg
471	minecraft:mule_spawn_egg
472	minecraft:skeleton_horse_spawn_egg
473	minecraft:zombie_horse_spawn_egg
474	minecraft:shulker_spawn_egg
476	minecraft:elder_guardian_spawn_egg
477	minecraft:polar_bear_spawn_egg
478	minecraft:llama_spawn_egg
479	minecraft:vindicator_spawn_egg
480	minecraft:evoker_spawn_egg
481	minecraft:vex_spawn_egg
482	minecraft:zombie_villager_spawn_egg
483	minecraft:parrot_spawn_egg
484	minecraft:tropical_fish_spawn_egg
485	minecraft:cod_spawn_egg
486	minecraft:pufferfish_spawn_egg
487	minecraft:salmon_spawn_egg
488	minecraft:drowned_spawn_egg
489	minecraft:dolphin_spawn_egg
490	minecraft:turtle_spawn_egg
491	minecraft:phantom_spawn_egg
493	minecraft:cat_spawn_egg
494	minecraft:panda_spawn_egg
495	minecraft:fox_spawn_egg
496	minecraft:pillager_spawn_egg
497	minecraft:wandering_trader_spawn_egg
498	minecraft:ravager_spawn_egg
499	minecraft:bee_spawn_egg
500	minecraft:strider_spawn_egg
501	minecraft:hoglin_spawn_egg
502	minecraft:piglin_spawn_egg
503	minecraft:zoglin_spawn_egg
504	minecraft:piglin_brute_spawn_egg
505	minecraft:sniffer_spawn_egg
506	minecraft:breeze_spawn_egg
507	minecraft:axolotl_spawn_egg
508	minecraft:goat_spawn_egg
509	minecraft:glow_squid_spawn_egg
510	minecraft:iron_golem_spawn_egg
511	minecraft:snow_golem_spawn_egg
514	minecraft:glow_ink_sac
515	minecraft:copper_ingot
516	minecraft:raw_iron
517	minecraft:raw_gold
518	minecraft:raw_copper
519	minecraft:experience_bottle
520	minecraft:fire_charge
521	minecraft:writable_book
523	minecraft:emerald
524	minecraft:frame
525	minecraft:flower_pot
526	minecraft:empty_map
527	minecraft:carrot_on_a_stick
528	minecraft:nether_star
529	minecraft:firework_rocket
530	minecraft:firework_star
531	minecraft:enchanted_book
532	minecraft:comparator
533	minecraft:netherbrick
534	minecraft:quartz
535	minecraft:tnt_minecart
536	minecraft:hopper_minecart
537	minecraft:hopper
538	minecraft:rabbit_foot
539	minecraft:rabbit_hide
540	minecraft:leather_horse_armor
541	minecraft:iron_horse_armor
542	minecraft:golden_horse_armor
543	minecraft:diamond_horse_armor
544	minecraft:music_disc_13
545	minecraft:music_disc_cat
546	minecraft:music_disc_blocks
547	minecraft:music_disc_chirp
548	minecraft:music_disc_far
549	minecraft:music_disc_mall
550	minecraft:music_disc_mellohi
551	minecraft:music_disc_stal
552	minecraft:music_disc_strad
553	minecraft:music_disc_ward
554	minecraft:music_disc_11
555	minecraft:music_disc_wait
556	minecraft:trident
557	minecraft:lead
558	minecraft:name_tag
559	minecraft:prismarine_crystals
560	minecraft:mutton
561	minecraft:cooked_mutton
562	minecraft:armor_stand
563	minecraft:spruce_door
564	minecraft:birch_door
565	minecraft:jungle_door
566	minecraft:acacia_door
567	minecraft:dark_oak_door
568	minecraft:chorus_fruit
569	minecraft:popped_chorus_fruit
570	minecraft:dragon_breath
571	minecraft:splash_potion
572	minecraft:lingering_potion
574	minecraft:elytra
575	minecraft:prismarine_shard
576	minecraft:shulker_shell
577	minecraft:banner
578	minecraft:totem_of_undying
579	minecraft:iron_nugget
580	minecraft:nautilus_shell
581	minecraft:heart_of_the_sea
582	minecraft:turtle_scute
583	minecraft:turtle_helmet
584	minecraft:phantom_membrane
585	minecraft:crossbow
586	minecraft:spruce_sign
587	minecraft:birch_sign
588	minecraft:jungle_sign
589	minecraft:acacia_sign
590	minecraft:dark_oak_sign
591	minecraft:flower_banner_pattern
592	minecraft:creeper_banner_pattern
593	minecraft:skull_banner_pattern
594	minecraft:mojang_banner_pattern
595	minecraft:field_masoned_banner_pattern
596	minecraft:bordure_indented_banner_pattern
597	minecraft:piglin_banner_pattern
598	minecraft:globe_banner_pattern
599	minecraft:flow_banner_pattern
600	minecraft:guster_banner_pattern
601	minecraft:campfire
602	minecraft:suspicious_stew
603	minecraft:honeycomb
604	minecraft:honey_bottle
605	minecraft:ominous_bottle
617	minecraft:netherite_sword
618	minecraft:netherite_shovel
619	minecraft:netherite_pickaxe
620	minecraft:netherite_axe
621	minecraft:netherite_hoe
622	minecraft:netherite_ingot
623	minecraft:netherite_helmet
624	minecraft:netherite_chestplate
625	minecraft:netherite_leggings
626	minecraft:netherite_boots
627	minecraft:netherite_scrap
628	minecraft:crimson_sign
629	minecraft:warped_sign
630	minecraft:crimson_door
631	minecraft:warped_door
632	minecraft:warped_fungus_on_a_stick
633	minecraft:music_disc_pigstep
634	minecraft:nether_sprouts
635	minecraft:soul_campfire
636	minecraft:glow_frame
637	minecraft:amethyst_shard
638	minecraft:spyglass
639	minecraft:music_disc_otherside
640	minecraft:goat_horn
641	minecraft:frog_spawn_egg
642	minecraft:tadpole_spawn_egg
643	minecraft:tadpole_bucket
644	minecraft:allay_spawn_egg
645	minecraft:warden_spawn_egg
646	minecraft:mangrove_door
647	minecraft:mangrove_sign
648	minecraft:mangrove_boat
649	minecraft:music_disc_5
650	minecraft:disc_fragment_5
651	minecraft:oak_chest_boat
652	minecraft:birch_chest_boat
653	minecraft:jungle_chest_boat
654	minecraft:spruce_chest_boat
655	minecraft:acacia_chest_boat
656	minecraft:dark_oak_chest_boat
657	minecraft:mangrove_chest_boat
659	minecraft:recovery_compass
660	minecraft:echo_shard
661	minecraft:trader_llama_spawn_egg
662	minecraft:cherry_boat
663	minecraft:cherry_chest_boat
664	minecraft:cherry_sign
665	minecraft:bamboo_sign
666	minecraft:bamboo_raft
667	minecraft:bamboo_chest_raft
668	minecraft:camel_spawn_egg
669	minecraft:camel_husk_spawn_egg
670	minecraft:angler_pottery_sherd
671	minecraft:archer_pottery_sherd
672	minecraft:arms_up_pottery_sherd
673	minecraft:blade_pottery_sherd
674	minecraft:brewer_pottery_sherd
675	minecraft:burn_pottery_sherd
676	minecraft:danger_pottery_sherd
677	minecraft:explorer_pottery_sherd
678	minecraft:flow_pottery_sherd
679	minecraft:friend_pottery_sherd
680	minecraft:guster_pottery_sherd
681	minecraft:heart_pottery_sherd
682	minecraft:heartbreak_pottery_sherd
683	minecraft:howl_pottery_sherd
684	minecraft:miner_pottery_sherd
685	minecraft:mourner_pottery_sherd
686	minecraft:plenty_pottery_sherd
687	minecraft:prize_pottery_sherd
688	minecraft:scrape_pottery_sherd
689	minecraft:sheaf_pottery_sherd
690	minecraft:shelter_pottery_sherd
691	minecraft:skull_pottery_sherd
692	minecraft:snort_pottery_sherd
693	minecraft:brush
694	minecraft:netherite_upgrade_smithing_template
695	minecraft:sentry_armor_trim_smithing_template
696	minecraft:dune_armor_trim_smithing_template
697	minecraft:coast_armor_trim_smithing_template
698	minecraft:wild_armor_trim_smithing_template
699	minecraft:ward_armor_trim_smithing_template
700	minecraft:eye_armor_trim_smithing_template
701	minecraft:vex_armor_trim_smithing_template
702	minecraft:tide_armor_trim_smithing_template
703	minecraft:snout_armor_trim_smithing_template
704	minecraft:rib_armor_trim_smithing_template
705	minecraft:spire_armor_trim_smithing_template
706	minecraft:silence_armor_trim_smithing_template
707	minecraft:wayfinder_armor_trim_smithing_template
708	minecraft:raiser_armor_trim_smithing_template
709	minecraft:shaper_armor_trim_smithing_template
710	minecraft:host_armor_trim_smithing_template
711	minecraft:flow_armor_trim_smithing_template
712	minecraft:bolt_armor_trim_smithing_template
713	minecraft:music_disc_relic
719	minecraft:armadillo_spawn_egg
720	minecraft:armadillo_scute
721	minecraft:wolf_armor
722	minecraft:pale_oak_boat
723	minecraft:pale_oak_chest_boat
724	minecraft:pale_oak_sign
725	minecraft:creaking_spawn_egg
726	minecraft:resin_brick
727	minecraft:blue_egg
728	minecraft:brown_egg
729	minecraft:happy_ghast_spawn_egg
730	minecraft:black_harness
731	minecraft:blue_harness
732	minecraft:brown_harness
733	minecraft:cyan_harness
734	minecraft:gray_harness
735	minecraft:green_harness
736	minecraft:light_blue_harness
737	minecraft:light_gray_harness
738	minecraft:lime_harness
739	minecraft:magenta_harness
740	minecraft:orange_harness
741	minecraft:pink_harness
742	minecraft:purple_harness
743	minecraft:red_harness
744	minecraft:white_harness
745	minecraft:yellow_harness
746	minecraft:copper_golem_spawn_egg
747	minecraft:copper_sword
748	minecraft:copper_shovel
749	minecraft:copper_pickaxe
750	minecraft:copper_axe
751	minecraft:copper_hoe
752	minecraft:copper_helmet
753	minecraft:copper_chestplate
754	minecraft:copper_leggings
755	minecraft:copper_boots
756	minecraft:copper_nugget
757	minecraft:copper_horse_armor
758	minecraft:nautilus_spawn_egg
759	minecraft:zombie_nautilus_spawn_egg
760	minecraft:parched_spawn_egg
761	minecraft:copper_nautilus_armor
762	minecraft:iron_nautilus_armor
763	minecraft:golden_nautilus_armor
764	minecraft:diamond_nautilus_armor
765	minecraft:netherite_nautilus_armor
766	minecraft:netherite_horse_armor
767	minecraft:sulfur_cube_spawn_egg
768	minecraft:sulfur_cube_bucket
830	minecraft:music_disc_creator
831	minecraft:music_disc_creator_music_box
832	minecraft:music_disc_precipice
833	minecraft:music_disc_tears
834	minecraft:music_disc_lava_chicken
835	minecraft:music_disc_bounce
849	minecraft:end_crystal
850	minecraft:copper_spear
851	minecraft:diamond_spear
852	minecraft:golden_spear
853	minecraft:iron_spear
854	minecraft:netherite_spear
855	minecraft:stone_spear
856	minecraft:wooden_spear
857	minecraft:black_bundle
858	minecraft:blue_bundle
859	minecraft:brown_bundle
860	minecraft:bundle
861	minecraft:cyan_bundle
862	minecraft:gray_bundle
863	minecraft:green_bundle
864	minecraft:light_blue_bundle
865	minecraft:light_gray_bundle
866	minecraft:lime_bundle
867	minecraft:magenta_bundle
868	minecraft:orange_bundle
869	minecraft:pink_bundle
870	minecraft:purple_bundle
871	minecraft:red_bundle
872	minecraft:white_bundle
873	minecraft:yellow_bundle
874	minecraft:breeze_rod
875	minecraft:ominous_trial_key
876	minecraft:trial_key
877	minecraft:wind_charge
878	minecraft:apple
879	minecraft:glow_berries
