# Generated by tools/registrygen/cmd/blockdestroy for 1.26.50; do not edit.
# hardness and tools: protocolgen/generated/data source_lock_sha256=7672d394035aade326e9f36edb00d6414911e1f841137bc2eef871781a088f97
# tools (provisional): PrismarineJS Bedrock 1.26.30@6ec59288287e4045331eaa47ee8fb104278f6b98 blocks.json sha256=12ff90b5094006b42d87ca7c296ed1bef0e1c2d6d67498aea85b6ece9408b494
# identifier	hardness	effective_tools	harvest_tools	harvest_level
minecraft:acacia_button	0.5	axe	-	-
minecraft:acacia_door	3	axe	-	-
minecraft:acacia_double_slab	2	axe	-	-
minecraft:acacia_fence	2	axe	-	-
minecraft:acacia_fence_gate	2	axe	-	-
minecraft:acacia_hanging_sign	1	axe	-	-
minecraft:acacia_leaves	0.2	hoe,shears	-	-
minecraft:acacia_log	2	axe	-	-
minecraft:acacia_planks	2	axe	-	-
minecraft:acacia_pressure_plate	0.5	axe	-	-
minecraft:acacia_sapling	0	?	?	?
minecraft:acacia_shelf	2	axe	-	-
minecraft:acacia_slab	2	axe	-	-
minecraft:acacia_stairs	2	axe	-	-
minecraft:acacia_standing_sign	1	axe	-	-
minecraft:acacia_trapdoor	3	axe	-	-
minecraft:acacia_wall_sign	1	axe	-	-
minecraft:acacia_wood	2	axe	-	-
minecraft:activator_rail	0.699999	pickaxe	-	-
minecraft:air	-1	?	?	?
minecraft:allium	0	?	?	?
minecraft:allow	0.2	?	?	?
minecraft:amethyst_block	1.5	pickaxe	pickaxe	0
minecraft:amethyst_cluster	1.5	pickaxe	-	-
minecraft:ancient_debris	30	pickaxe	pickaxe	3
minecraft:andesite	1.5	pickaxe	pickaxe	0
minecraft:andesite_double_slab	1.5	pickaxe	pickaxe	0
minecraft:andesite_slab	1.5	pickaxe	pickaxe	0
minecraft:andesite_stairs	1.5	pickaxe	pickaxe	0
minecraft:andesite_wall	1.5	pickaxe	pickaxe	0
minecraft:anvil	5	pickaxe	pickaxe	0
minecraft:azalea	0	?	?	?
minecraft:azalea_leaves	0.2	hoe,shears	-	-
minecraft:azalea_leaves_flowered	0.2	hoe,shears	-	-
minecraft:azure_bluet	0	?	?	?
minecraft:bamboo	1	sword	-	-
minecraft:bamboo_block	2	axe	-	-
minecraft:bamboo_button	0.5	axe	-	-
minecraft:bamboo_door	3	axe	-	-
minecraft:bamboo_double_slab	2	axe	-	-
minecraft:bamboo_fence	2	axe	-	-
minecraft:bamboo_fence_gate	2	axe	-	-
minecraft:bamboo_hanging_sign	1	axe	-	-
minecraft:bamboo_mosaic	2	axe	-	-
minecraft:bamboo_mosaic_double_slab	2	axe	-	-
minecraft:bamboo_mosaic_slab	2	axe	-	-
minecraft:bamboo_mosaic_stairs	2	axe	-	-
minecraft:bamboo_planks	2	axe	-	-
minecraft:bamboo_pressure_plate	0.5	axe	-	-
minecraft:bamboo_sapling	1	sword	-	-
minecraft:bamboo_shelf	2	axe	-	-
minecraft:bamboo_slab	2	axe	-	-
minecraft:bamboo_stairs	2	axe	-	-
minecraft:bamboo_standing_sign	1	axe	-	-
minecraft:bamboo_trapdoor	3	axe	-	-
minecraft:bamboo_wall_sign	1	axe	-	-
minecraft:barrel	2.5	axe	-	-
minecraft:barrier	-1	?	?	?
minecraft:basalt	1.25	pickaxe	pickaxe	0
minecraft:beacon	3	?	?	?
minecraft:bed	0.2	?	?	?
minecraft:bedrock	-1	?	?	?
minecraft:bee_nest	0.3	axe	-	-
minecraft:beehive	0.6	axe	-	-
minecraft:beetroot	0	?	?	?
minecraft:bell	5	pickaxe	-	-
minecraft:big_dripleaf	0.1	?	?	?
minecraft:birch_button	0.5	axe	-	-
minecraft:birch_door	3	axe	-	-
minecraft:birch_double_slab	2	axe	-	-
minecraft:birch_fence	2	axe	-	-
minecraft:birch_fence_gate	2	axe	-	-
minecraft:birch_hanging_sign	1	axe	-	-
minecraft:birch_leaves	0.2	hoe,shears	-	-
minecraft:birch_log	2	axe	-	-
minecraft:birch_planks	2	axe	-	-
minecraft:birch_pressure_plate	0.5	axe	-	-
minecraft:birch_sapling	0	?	?	?
minecraft:birch_shelf	2	axe	-	-
minecraft:birch_slab	2	axe	-	-
minecraft:birch_stairs	2	axe	-	-
minecraft:birch_standing_sign	1	axe	-	-
minecraft:birch_trapdoor	3	axe	-	-
minecraft:birch_wall_sign	1	axe	-	-
minecraft:birch_wood	2	axe	-	-
minecraft:black_candle	0.1	?	?	?
minecraft:black_candle_cake	0.5	?	?	?
minecraft:black_carpet	0.1	?	?	?
minecraft:black_concrete	1.799999	pickaxe	pickaxe	0
minecraft:black_concrete_double_slab	1.799999	?	?	?
minecraft:black_concrete_powder	0.5	shovel	-	-
minecraft:black_concrete_slab	1.799999	?	?	?
minecraft:black_concrete_stairs	1.799999	?	?	?
minecraft:black_glazed_terracotta	1.399999	pickaxe	pickaxe	0
minecraft:black_shulker_box	2	pickaxe	-	-
minecraft:black_stained_glass	0.3	?	?	?
minecraft:black_stained_glass_pane	0.3	?	?	?
minecraft:black_terracotta	1.25	pickaxe	pickaxe	0
minecraft:black_wool	0.8	shears	-	-
minecraft:black_wool_double_slab	0.8	?	?	?
minecraft:black_wool_slab	0.8	?	?	?
minecraft:black_wool_stairs	0.8	?	?	?
minecraft:blackstone	1.5	pickaxe	pickaxe	0
minecraft:blackstone_double_slab	2	pickaxe	pickaxe	0
minecraft:blackstone_slab	2	pickaxe	pickaxe	0
minecraft:blackstone_stairs	1.5	pickaxe	pickaxe	0
minecraft:blackstone_wall	1.5	pickaxe	pickaxe	0
minecraft:blast_furnace	3.5	pickaxe	pickaxe	0
minecraft:blue_candle	0.1	?	?	?
minecraft:blue_candle_cake	0.5	?	?	?
minecraft:blue_carpet	0.1	?	?	?
minecraft:blue_concrete	1.799999	pickaxe	pickaxe	0
minecraft:blue_concrete_double_slab	1.799999	?	?	?
minecraft:blue_concrete_powder	0.5	shovel	-	-
minecraft:blue_concrete_slab	1.799999	?	?	?
minecraft:blue_concrete_stairs	1.799999	?	?	?
minecraft:blue_glazed_terracotta	1.399999	pickaxe	pickaxe	0
minecraft:blue_ice	2.799999	pickaxe	-	-
minecraft:blue_orchid	0	?	?	?
minecraft:blue_shulker_box	2	pickaxe	-	-
minecraft:blue_stained_glass	0.3	?	?	?
minecraft:blue_stained_glass_pane	0.3	?	?	?
minecraft:blue_terracotta	1.25	pickaxe	pickaxe	0
minecraft:blue_wool	0.8	shears	-	-
minecraft:blue_wool_double_slab	0.8	?	?	?
minecraft:blue_wool_slab	0.8	?	?	?
minecraft:blue_wool_stairs	0.8	?	?	?
minecraft:bone_block	2	pickaxe	pickaxe	0
minecraft:bookshelf	1.5	axe	-	-
minecraft:border_block	0.2	?	?	?
minecraft:brain_coral	0	?	?	?
minecraft:brain_coral_block	1.5	pickaxe	pickaxe	0
minecraft:brain_coral_fan	0	?	?	?
minecraft:brain_coral_wall_fan	0	?	?	?
minecraft:brewing_stand	0.5	pickaxe	-	-
minecraft:brick_block	2	pickaxe	pickaxe	0
minecraft:brick_double_slab	2	pickaxe	pickaxe	0
minecraft:brick_slab	2	pickaxe	pickaxe	0
minecraft:brick_stairs	2	pickaxe	pickaxe	0
minecraft:brick_wall	2	pickaxe	pickaxe	0
minecraft:brown_candle	0.1	?	?	?
minecraft:brown_candle_cake	0.5	?	?	?
minecraft:brown_carpet	0.1	?	?	?
minecraft:brown_concrete	1.799999	pickaxe	pickaxe	0
minecraft:brown_concrete_double_slab	1.799999	?	?	?
minecraft:brown_concrete_powder	0.5	shovel	-	-
minecraft:brown_concrete_slab	1.799999	?	?	?
minecraft:brown_concrete_stairs	1.799999	?	?	?
minecraft:brown_glazed_terracotta	1.399999	pickaxe	pickaxe	0
minecraft:brown_mushroom	0	?	?	?
minecraft:brown_mushroom_block	0.2	axe	-	-
minecraft:brown_shulker_box	2	pickaxe	-	-
minecraft:brown_stained_glass	0.3	?	?	?
minecraft:brown_stained_glass_pane	0.3	?	?	?
minecraft:brown_terracotta	1.25	pickaxe	pickaxe	0
minecraft:brown_wool	0.8	shears	-	-
minecraft:brown_wool_double_slab	0.8	?	?	?
minecraft:brown_wool_slab	0.8	?	?	?
minecraft:brown_wool_stairs	0.8	?	?	?
minecraft:bubble_column	0	?	?	?
minecraft:bubble_coral	0	?	?	?
minecraft:bubble_coral_block	1.5	pickaxe	pickaxe	0
minecraft:bubble_coral_fan	0	?	?	?
minecraft:bubble_coral_wall_fan	0	?	?	?
minecraft:budding_amethyst	1.5	pickaxe	pickaxe	0
minecraft:bush	0	?	?	?
minecraft:cactus	0.4	?	?	?
minecraft:cactus_flower	0	?	?	?
minecraft:cake	0.5	?	?	?
minecraft:calcite	0.75	pickaxe	pickaxe	0
minecraft:calibrated_sculk_sensor	1.5	hoe	-	-
minecraft:camera	0	?	?	?
minecraft:campfire	2	axe	-	-
minecraft:candle	0.1	?	?	?
minecraft:candle_cake	0.5	?	?	?
minecraft:carrots	0	?	?	?
minecraft:cartography_table	2.5	axe	-	-
minecraft:carved_pumpkin	1	?	?	?
minecraft:cauldron	2	pickaxe	pickaxe	0
minecraft:cave_vines	0	?	?	?
minecraft:cave_vines_body_with_berries	0	?	?	?
minecraft:cave_vines_head_with_berries	0	?	?	?
minecraft:chain_command_block	-1	?	?	?
minecraft:chalkboard	1	?	?	?
minecraft:chemical_heat	2.5	?	?	?
minecraft:cherry_button	0.5	axe	-	-
minecraft:cherry_door	3	axe	-	-
minecraft:cherry_double_slab	2	axe	-	-
minecraft:cherry_fence	2	axe	-	-
minecraft:cherry_fence_gate	2	axe	-	-
minecraft:cherry_hanging_sign	1	axe	-	-
minecraft:cherry_leaves	0.2	hoe,shears	-	-
minecraft:cherry_log	2	axe	-	-
minecraft:cherry_planks	2	axe	-	-
minecraft:cherry_pressure_plate	0.5	axe	-	-
minecraft:cherry_sapling	0	?	?	?
minecraft:cherry_shelf	2	axe	-	-
minecraft:cherry_slab	2	axe	-	-
minecraft:cherry_stairs	2	axe	-	-
minecraft:cherry_standing_sign	1	axe	-	-
minecraft:cherry_trapdoor	3	axe	-	-
minecraft:cherry_wall_sign	1	axe	-	-
minecraft:cherry_wood	2	axe	-	-
minecraft:chest	2.5	axe	-	-
minecraft:chipped_anvil	5	pickaxe	pickaxe	0
minecraft:chiseled_bookshelf	1.5	axe	-	-
minecraft:chiseled_cinnabar	1.5	pickaxe	pickaxe	0
minecraft:chiseled_copper	3	pickaxe	pickaxe	1
minecraft:chiseled_deepslate	3.5	pickaxe	pickaxe	0
minecraft:chiseled_nether_bricks	2	pickaxe	pickaxe	0
minecraft:chiseled_polished_blackstone	1.5	pickaxe	pickaxe	0
minecraft:chiseled_quartz_block	0.8	pickaxe	pickaxe	0
minecraft:chiseled_red_sandstone	0.8	pickaxe	pickaxe	0
minecraft:chiseled_resin_bricks	1.5	pickaxe	pickaxe	0
minecraft:chiseled_sandstone	0.8	pickaxe	pickaxe	0
minecraft:chiseled_stone_bricks	1.5	pickaxe	pickaxe	0
minecraft:chiseled_sulfur	1.5	pickaxe	pickaxe	0
minecraft:chiseled_tuff	1.5	pickaxe	pickaxe	0
minecraft:chiseled_tuff_bricks	1.5	pickaxe	pickaxe	0
minecraft:chorus_flower	0.4	?	?	?
minecraft:chorus_plant	0.4	?	?	?
minecraft:cinnabar	1.5	pickaxe	pickaxe	0
minecraft:cinnabar_brick_double_slab	1.5	pickaxe	pickaxe	0
minecraft:cinnabar_brick_slab	1.5	pickaxe	pickaxe	0
minecraft:cinnabar_brick_stairs	1.5	pickaxe	pickaxe	0
minecraft:cinnabar_brick_wall	1.5	pickaxe	pickaxe	0
minecraft:cinnabar_bricks	1.5	pickaxe	pickaxe	0
minecraft:cinnabar_double_slab	1.5	pickaxe	pickaxe	0
minecraft:cinnabar_slab	1.5	pickaxe	pickaxe	0
minecraft:cinnabar_stairs	1.5	pickaxe	pickaxe	0
minecraft:cinnabar_wall	1.5	pickaxe	pickaxe	0
minecraft:clay	0.6	shovel	-	-
minecraft:client_request_placeholder_block	-1	?	?	?
minecraft:closed_eyeblossom	0	?	?	?
minecraft:coal_block	5	pickaxe	pickaxe	0
minecraft:coal_ore	3	pickaxe	pickaxe	0
minecraft:coarse_dirt	0.5	shovel	-	-
minecraft:cobbled_deepslate	3.5	pickaxe	pickaxe	0
minecraft:cobbled_deepslate_double_slab	3.5	pickaxe	pickaxe	0
minecraft:cobbled_deepslate_slab	3.5	pickaxe	pickaxe	0
minecraft:cobbled_deepslate_stairs	3.5	pickaxe	pickaxe	0
minecraft:cobbled_deepslate_wall	3.5	pickaxe	pickaxe	0
minecraft:cobblestone	2	pickaxe	pickaxe	0
minecraft:cobblestone_double_slab	2	pickaxe	pickaxe	0
minecraft:cobblestone_slab	2	pickaxe	pickaxe	0
minecraft:cobblestone_wall	2	pickaxe	pickaxe	0
minecraft:cocoa	0.2	?	?	?
minecraft:colored_torch_blue	0	?	?	?
minecraft:colored_torch_green	0	?	?	?
minecraft:colored_torch_purple	0	?	?	?
minecraft:colored_torch_red	0	?	?	?
minecraft:command_block	-1	?	?	?
minecraft:composter	0.6	axe	-	-
minecraft:compound_creator	2.5	?	?	?
minecraft:conduit	3	pickaxe	-	-
minecraft:copper_bars	5	pickaxe	pickaxe	0
minecraft:copper_block	3	pickaxe	pickaxe	1
minecraft:copper_bulb	3	pickaxe	pickaxe	1
minecraft:copper_chain	5	pickaxe	pickaxe	0
minecraft:copper_chest	3	pickaxe	pickaxe	1
minecraft:copper_door	3	pickaxe	-	-
minecraft:copper_golem_statue	3	pickaxe	-	-
minecraft:copper_grate	3	pickaxe	pickaxe	1
minecraft:copper_lantern	3.5	pickaxe	-	-
minecraft:copper_ore	3	pickaxe	pickaxe	1
minecraft:copper_torch	0	?	?	?
minecraft:copper_trapdoor	3	pickaxe	pickaxe	1
minecraft:cornflower	0	?	?	?
minecraft:cracked_deepslate_bricks	3.5	pickaxe	pickaxe	0
minecraft:cracked_deepslate_tiles	3.5	pickaxe	pickaxe	0
minecraft:cracked_nether_bricks	2	pickaxe	pickaxe	0
minecraft:cracked_polished_blackstone_bricks	1.5	pickaxe	pickaxe	0
minecraft:cracked_stone_bricks	1.5	pickaxe	pickaxe	0
minecraft:crafter	1.5	?	?	?
minecraft:crafting_table	2.5	axe	-	-
minecraft:creaking_heart	10	axe	-	-
minecraft:creeper_head	1	?	?	?
minecraft:crimson_button	0.5	axe	-	-
minecraft:crimson_door	3	axe	-	-
minecraft:crimson_double_slab	2	axe	-	-
minecraft:crimson_fence	2	axe	-	-
minecraft:crimson_fence_gate	2	axe	-	-
minecraft:crimson_fungus	0	?	?	?
minecraft:crimson_hanging_sign	1	axe	-	-
minecraft:crimson_hyphae	2	axe	-	-
minecraft:crimson_nylium	0.4	pickaxe	pickaxe	0
minecraft:crimson_planks	2	axe	-	-
minecraft:crimson_pressure_plate	0.5	axe	-	-
minecraft:crimson_roots	0	?	?	?
minecraft:crimson_shelf	2	axe	-	-
minecraft:crimson_slab	2	axe	-	-
minecraft:crimson_stairs	2	axe	-	-
minecraft:crimson_standing_sign	1	axe	-	-
minecraft:crimson_stem	2	axe	-	-
minecraft:crimson_trapdoor	3	axe	-	-
minecraft:crimson_wall_sign	1	axe	-	-
minecraft:crying_obsidian	35	pickaxe	pickaxe	3
minecraft:cut_copper	3	pickaxe	pickaxe	1
minecraft:cut_copper_slab	3	pickaxe	pickaxe	1
minecraft:cut_copper_stairs	3	pickaxe	pickaxe	1
minecraft:cut_red_sandstone	0.8	pickaxe	pickaxe	0
minecraft:cut_red_sandstone_double_slab	2	pickaxe	pickaxe	0
minecraft:cut_red_sandstone_slab	2	pickaxe	pickaxe	0
minecraft:cut_sandstone	0.8	pickaxe	pickaxe	0
minecraft:cut_sandstone_double_slab	2	pickaxe	pickaxe	0
minecraft:cut_sandstone_slab	2	pickaxe	pickaxe	0
minecraft:cyan_candle	0.1	?	?	?
minecraft:cyan_candle_cake	0.5	?	?	?
minecraft:cyan_carpet	0.1	?	?	?
minecraft:cyan_concrete	1.799999	pickaxe	pickaxe	0
minecraft:cyan_concrete_double_slab	1.799999	?	?	?
minecraft:cyan_concrete_powder	0.5	shovel	-	-
minecraft:cyan_concrete_slab	1.799999	?	?	?
minecraft:cyan_concrete_stairs	1.799999	?	?	?
minecraft:cyan_glazed_terracotta	1.399999	pickaxe	pickaxe	0
minecraft:cyan_shulker_box	2	pickaxe	-	-
minecraft:cyan_stained_glass	0.3	?	?	?
minecraft:cyan_stained_glass_pane	0.3	?	?	?
minecraft:cyan_terracotta	1.25	pickaxe	pickaxe	0
minecraft:cyan_wool	0.8	shears	-	-
minecraft:cyan_wool_double_slab	0.8	?	?	?
minecraft:cyan_wool_slab	0.8	?	?	?
minecraft:cyan_wool_stairs	0.8	?	?	?
minecraft:damaged_anvil	5	pickaxe	pickaxe	0
minecraft:dandelion	0	?	?	?
minecraft:dark_oak_button	0.5	axe	-	-
minecraft:dark_oak_door	3	axe	-	-
minecraft:dark_oak_double_slab	2	axe	-	-
minecraft:dark_oak_fence	2	axe	-	-
minecraft:dark_oak_fence_gate	2	axe	-	-
minecraft:dark_oak_hanging_sign	1	axe	-	-
minecraft:dark_oak_leaves	0.2	hoe,shears	-	-
minecraft:dark_oak_log	2	axe	-	-
minecraft:dark_oak_planks	2	axe	-	-
minecraft:dark_oak_pressure_plate	0.5	axe	-	-
minecraft:dark_oak_sapling	0	?	?	?
minecraft:dark_oak_shelf	2	axe	-	-
minecraft:dark_oak_slab	2	axe	-	-
minecraft:dark_oak_stairs	2	axe	-	-
minecraft:dark_oak_trapdoor	3	axe	-	-
minecraft:dark_oak_wood	2	axe	-	-
minecraft:dark_prismarine	1.5	pickaxe	pickaxe	0
minecraft:dark_prismarine_double_slab	1.5	pickaxe	pickaxe	0
minecraft:dark_prismarine_slab	1.5	pickaxe	pickaxe	0
minecraft:dark_prismarine_stairs	1.5	pickaxe	pickaxe	0
minecraft:darkoak_standing_sign	1	axe	-	-
minecraft:darkoak_wall_sign	1	axe	-	-
minecraft:daylight_detector	0.2	axe	-	-
minecraft:daylight_detector_inverted	0.2	axe	-	-
minecraft:dead_brain_coral	0	pickaxe	pickaxe	0
minecraft:dead_brain_coral_block	1.5	pickaxe	pickaxe	0
minecraft:dead_brain_coral_fan	0	pickaxe	pickaxe	0
minecraft:dead_brain_coral_wall_fan	0	pickaxe	pickaxe	0
minecraft:dead_bubble_coral	0	pickaxe	pickaxe	0
minecraft:dead_bubble_coral_block	1.5	pickaxe	pickaxe	0
minecraft:dead_bubble_coral_fan	0	pickaxe	pickaxe	0
minecraft:dead_bubble_coral_wall_fan	0	pickaxe	pickaxe	0
minecraft:dead_fire_coral	0	pickaxe	pickaxe	0
minecraft:dead_fire_coral_block	1.5	pickaxe	pickaxe	0
minecraft:dead_fire_coral_fan	0	pickaxe	pickaxe	0
minecraft:dead_fire_coral_wall_fan	0	pickaxe	pickaxe	0
minecraft:dead_horn_coral	0	pickaxe	pickaxe	0
minecraft:dead_horn_coral_block	1.5	pickaxe	pickaxe	0
minecraft:dead_horn_coral_fan	0	pickaxe	pickaxe	0
minecraft:dead_horn_coral_wall_fan	0	pickaxe	pickaxe	0
minecraft:dead_tube_coral	0	pickaxe	pickaxe	0
minecraft:dead_tube_coral_block	1.5	pickaxe	pickaxe	0
minecraft:dead_tube_coral_fan	0	pickaxe	pickaxe	0
minecraft:dead_tube_coral_wall_fan	0	pickaxe	pickaxe	0
minecraft:deadbush	0	?	?	?
minecraft:decorated_pot	0	?	?	?
minecraft:deepslate	3	pickaxe	pickaxe	0
minecraft:deepslate_brick_double_slab	3.5	pickaxe	pickaxe	0
minecraft:deepslate_brick_slab	3.5	pickaxe	pickaxe	0
minecraft:deepslate_brick_stairs	3.5	pickaxe	pickaxe	0
minecraft:deepslate_brick_wall	3.5	pickaxe	pickaxe	0
minecraft:deepslate_bricks	3.5	pickaxe	pickaxe	0
minecraft:deepslate_coal_ore	4.5	pickaxe	pickaxe	0
minecraft:deepslate_copper_ore	4.5	pickaxe	pickaxe	1
minecraft:deepslate_diamond_ore	4.5	pickaxe	pickaxe	2
minecraft:deepslate_emerald_ore	4.5	pickaxe	pickaxe	2
minecraft:deepslate_gold_ore	4.5	pickaxe	pickaxe	2
minecraft:deepslate_iron_ore	4.5	pickaxe	pickaxe	1
minecraft:deepslate_lapis_ore	4.5	pickaxe	pickaxe	1
minecraft:deepslate_redstone_ore	4.5	pickaxe	pickaxe	2
minecraft:deepslate_tile_double_slab	3.5	pickaxe	pickaxe	0
minecraft:deepslate_tile_slab	3.5	pickaxe	pickaxe	0
minecraft:deepslate_tile_stairs	3.5	pickaxe	pickaxe	0
minecraft:deepslate_tile_wall	3.5	pickaxe	pickaxe	0
minecraft:deepslate_tiles	3.5	pickaxe	pickaxe	0
minecraft:deny	0.2	?	?	?
minecraft:deprecated_anvil	5	?	?	?
minecraft:deprecated_purpur_block_1	1.5	?	?	?
minecraft:deprecated_purpur_block_2	1.5	?	?	?
minecraft:detector_rail	0.699999	pickaxe	-	-
minecraft:diamond_block	5	pickaxe	pickaxe	2
minecraft:diamond_ore	3	pickaxe	pickaxe	2
minecraft:diorite	1.5	pickaxe	pickaxe	0
minecraft:diorite_double_slab	1.5	pickaxe	pickaxe	0
minecraft:diorite_slab	1.5	pickaxe	pickaxe	0
minecraft:diorite_stairs	1.5	pickaxe	pickaxe	0
minecraft:diorite_wall	1.5	pickaxe	pickaxe	0
minecraft:dirt	0.5	shovel	-	-
minecraft:dirt_with_roots	0.5	shovel	-	-
minecraft:dispenser	3.5	pickaxe	pickaxe	0
minecraft:double_cut_copper_slab	3	pickaxe	pickaxe	1
minecraft:dragon_egg	3	?	?	?
minecraft:dragon_head	1	?	?	?
minecraft:dried_ghast	0	?	?	?
minecraft:dried_kelp_block	0.5	hoe	-	-
minecraft:dripstone_block	1.5	pickaxe	pickaxe	0
minecraft:dropper	3.5	pickaxe	pickaxe	0
minecraft:element_0	0	?	?	?
minecraft:element_1	0	?	?	?
minecraft:element_10	0	?	?	?
minecraft:element_100	0	?	?	?
minecraft:element_101	0	?	?	?
minecraft:element_102	0	?	?	?
minecraft:element_103	0	?	?	?
minecraft:element_104	0	?	?	?
minecraft:element_105	0	?	?	?
minecraft:element_106	0	?	?	?
minecraft:element_107	0	?	?	?
minecraft:element_108	0	?	?	?
minecraft:element_109	0	?	?	?
minecraft:element_11	0	?	?	?
minecraft:element_110	0	?	?	?
minecraft:element_111	0	?	?	?
minecraft:element_112	0	?	?	?
minecraft:element_113	0	?	?	?
minecraft:element_114	0	?	?	?
minecraft:element_115	0	?	?	?
minecraft:element_116	0	?	?	?
minecraft:element_117	0	?	?	?
minecraft:element_118	0	?	?	?
minecraft:element_12	0	?	?	?
minecraft:element_13	0	?	?	?
minecraft:element_14	0	?	?	?
minecraft:element_15	0	?	?	?
minecraft:element_16	0	?	?	?
minecraft:element_17	0	?	?	?
minecraft:element_18	0	?	?	?
minecraft:element_19	0	?	?	?
minecraft:element_2	0	?	?	?
minecraft:element_20	0	?	?	?
minecraft:element_21	0	?	?	?
minecraft:element_22	0	?	?	?
minecraft:element_23	0	?	?	?
minecraft:element_24	0	?	?	?
minecraft:element_25	0	?	?	?
minecraft:element_26	0	?	?	?
minecraft:element_27	0	?	?	?
minecraft:element_28	0	?	?	?
minecraft:element_29	0	?	?	?
minecraft:element_3	0	?	?	?
minecraft:element_30	0	?	?	?
minecraft:element_31	0	?	?	?
minecraft:element_32	0	?	?	?
minecraft:element_33	0	?	?	?
minecraft:element_34	0	?	?	?
minecraft:element_35	0	?	?	?
minecraft:element_36	0	?	?	?
minecraft:element_37	0	?	?	?
minecraft:element_38	0	?	?	?
minecraft:element_39	0	?	?	?
minecraft:element_4	0	?	?	?
minecraft:element_40	0	?	?	?
minecraft:element_41	0	?	?	?
minecraft:element_42	0	?	?	?
minecraft:element_43	0	?	?	?
minecraft:element_44	0	?	?	?
minecraft:element_45	0	?	?	?
minecraft:element_46	0	?	?	?
minecraft:element_47	0	?	?	?
minecraft:element_48	0	?	?	?
minecraft:element_49	0	?	?	?
minecraft:element_5	0	?	?	?
minecraft:element_50	0	?	?	?
minecraft:element_51	0	?	?	?
minecraft:element_52	0	?	?	?
minecraft:element_53	0	?	?	?
minecraft:element_54	0	?	?	?
minecraft:element_55	0	?	?	?
minecraft:element_56	0	?	?	?
minecraft:element_57	0	?	?	?
minecraft:element_58	0	?	?	?
minecraft:element_59	0	?	?	?
minecraft:element_6	0	?	?	?
minecraft:element_60	0	?	?	?
minecraft:element_61	0	?	?	?
minecraft:element_62	0	?	?	?
minecraft:element_63	0	?	?	?
minecraft:element_64	0	?	?	?
minecraft:element_65	0	?	?	?
minecraft:element_66	0	?	?	?
minecraft:element_67	0	?	?	?
minecraft:element_68	0	?	?	?
minecraft:element_69	0	?	?	?
minecraft:element_7	0	?	?	?
minecraft:element_70	0	?	?	?
minecraft:element_71	0	?	?	?
minecraft:element_72	0	?	?	?
minecraft:element_73	0	?	?	?
minecraft:element_74	0	?	?	?
minecraft:element_75	0	?	?	?
minecraft:element_76	0	?	?	?
minecraft:element_77	0	?	?	?
minecraft:element_78	0	?	?	?
minecraft:element_79	0	?	?	?
minecraft:element_8	0	?	?	?
minecraft:element_80	0	?	?	?
minecraft:element_81	0	?	?	?
minecraft:element_82	0	?	?	?
minecraft:element_83	0	?	?	?
minecraft:element_84	0	?	?	?
minecraft:element_85	0	?	?	?
minecraft:element_86	0	?	?	?
minecraft:element_87	0	?	?	?
minecraft:element_88	0	?	?	?
minecraft:element_89	0	?	?	?
minecraft:element_9	0	?	?	?
minecraft:element_90	0	?	?	?
minecraft:element_91	0	?	?	?
minecraft:element_92	0	?	?	?
minecraft:element_93	0	?	?	?
minecraft:element_94	0	?	?	?
minecraft:element_95	0	?	?	?
minecraft:element_96	0	?	?	?
minecraft:element_97	0	?	?	?
minecraft:element_98	0	?	?	?
minecraft:element_99	0	?	?	?
minecraft:element_constructor	2.5	?	?	?
minecraft:emerald_block	5	pickaxe	pickaxe	2
minecraft:emerald_ore	3	pickaxe	pickaxe	2
minecraft:enchanting_table	5	pickaxe	pickaxe	0
minecraft:end_brick_stairs	3	pickaxe	pickaxe	0
minecraft:end_bricks	3	pickaxe	pickaxe	0
minecraft:end_gateway	-1	?	?	?
minecraft:end_portal	-1	?	?	?
minecraft:end_portal_frame	-1	?	?	?
minecraft:end_rod	0	?	?	?
minecraft:end_stone	3	pickaxe	pickaxe	0
minecraft:end_stone_brick_double_slab	3	pickaxe	pickaxe	0
minecraft:end_stone_brick_slab	3	pickaxe	pickaxe	0
minecraft:end_stone_brick_wall	3	pickaxe	pickaxe	0
minecraft:ender_chest	22.5	pickaxe	-	-
minecraft:exposed_chiseled_copper	3	pickaxe	pickaxe	1
minecraft:exposed_copper	3	pickaxe	pickaxe	1
minecraft:exposed_copper_bars	5	pickaxe	pickaxe	0
minecraft:exposed_copper_bulb	3	pickaxe	pickaxe	1
minecraft:exposed_copper_chain	5	pickaxe	pickaxe	0
minecraft:exposed_copper_chest	3	pickaxe	pickaxe	1
minecraft:exposed_copper_door	3	pickaxe	-	-
minecraft:exposed_copper_golem_statue	3	pickaxe	-	-
minecraft:exposed_copper_grate	3	pickaxe	pickaxe	1
minecraft:exposed_copper_lantern	3.5	pickaxe	-	-
minecraft:exposed_copper_trapdoor	3	pickaxe	pickaxe	1
minecraft:exposed_cut_copper	3	pickaxe	pickaxe	1
minecraft:exposed_cut_copper_slab	3	pickaxe	pickaxe	1
minecraft:exposed_cut_copper_stairs	3	pickaxe	pickaxe	1
minecraft:exposed_double_cut_copper_slab	3	pickaxe	pickaxe	1
minecraft:exposed_lightning_rod	3	pickaxe	pickaxe	1
minecraft:farmland	0.6	shovel	-	-
minecraft:fence_gate	2	axe	-	-
minecraft:fern	0	?	?	?
minecraft:fire	0	?	?	?
minecraft:fire_coral	0	?	?	?
minecraft:fire_coral_block	1.5	pickaxe	pickaxe	0
minecraft:fire_coral_fan	0	?	?	?
minecraft:fire_coral_wall_fan	0	?	?	?
minecraft:firefly_bush	0	?	?	?
minecraft:fletching_table	2.5	axe	-	-
minecraft:flower_pot	0	?	?	?
minecraft:flowering_azalea	0	?	?	?
minecraft:flowing_lava	100	?	?	?
minecraft:flowing_water	100	?	?	?
minecraft:frame	0.25	?	?	?
minecraft:frog_spawn	0	?	?	?
minecraft:frosted_ice	0.5	?	?	?
minecraft:furnace	3.5	pickaxe	pickaxe	0
minecraft:gilded_blackstone	1.5	pickaxe	pickaxe	0
minecraft:glass	0.3	?	?	?
minecraft:glass_pane	0.3	?	?	?
minecraft:glow_frame	0.25	?	?	?
minecraft:glow_lichen	0.2	?	?	?
minecraft:glowingobsidian	35	?	?	?
minecraft:glowstone	0.3	?	?	?
minecraft:gold_block	3	pickaxe	pickaxe	2
minecraft:gold_ore	3	pickaxe	pickaxe	2
minecraft:golden_dandelion	0	?	?	?
minecraft:golden_rail	0.699999	pickaxe	-	-
minecraft:granite	1.5	pickaxe	pickaxe	0
minecraft:granite_double_slab	1.5	pickaxe	pickaxe	0
minecraft:granite_slab	1.5	pickaxe	pickaxe	0
minecraft:granite_stairs	1.5	pickaxe	pickaxe	0
minecraft:granite_wall	1.5	pickaxe	pickaxe	0
minecraft:grass_block	0.6	shovel	-	-
minecraft:grass_path	0.649999	shovel	-	-
minecraft:gravel	0.6	shovel	-	-
minecraft:gray_candle	0.1	?	?	?
minecraft:gray_candle_cake	0.5	?	?	?
minecraft:gray_carpet	0.1	?	?	?
minecraft:gray_concrete	1.799999	pickaxe	pickaxe	0
minecraft:gray_concrete_double_slab	1.799999	?	?	?
minecraft:gray_concrete_powder	0.5	shovel	-	-
minecraft:gray_concrete_slab	1.799999	?	?	?
minecraft:gray_concrete_stairs	1.799999	?	?	?
minecraft:gray_glazed_terracotta	1.399999	pickaxe	pickaxe	0
minecraft:gray_shulker_box	2	pickaxe	-	-
minecraft:gray_stained_glass	0.3	?	?	?
minecraft:gray_stained_glass_pane	0.3	?	?	?
minecraft:gray_terracotta	1.25	pickaxe	pickaxe	0
minecraft:gray_wool	0.8	shears	-	-
minecraft:gray_wool_double_slab	0.8	?	?	?
minecraft:gray_wool_slab	0.8	?	?	?
minecraft:gray_wool_stairs	0.8	?	?	?
minecraft:green_candle	0.1	?	?	?
minecraft:green_candle_cake	0.5	?	?	?
minecraft:green_carpet	0.1	?	?	?
minecraft:green_concrete	1.799999	pickaxe	pickaxe	0
minecraft:green_concrete_double_slab	1.799999	?	?	?
minecraft:green_concrete_powder	0.5	shovel	-	-
minecraft:green_concrete_slab	1.799999	?	?	?
minecraft:green_concrete_stairs	1.799999	?	?	?
minecraft:green_glazed_terracotta	1.399999	pickaxe	pickaxe	0
minecraft:green_shulker_box	2	pickaxe	-	-
minecraft:green_stained_glass	0.3	?	?	?
minecraft:green_stained_glass_pane	0.3	?	?	?
minecraft:green_terracotta	1.25	pickaxe	pickaxe	0
minecraft:green_wool	0.8	shears	-	-
minecraft:green_wool_double_slab	0.8	?	?	?
minecraft:green_wool_slab	0.8	?	?	?
minecraft:green_wool_stairs	0.8	?	?	?
minecraft:grindstone	2	pickaxe	pickaxe	0
minecraft:hanging_roots	0	?	?	?
minecraft:hard_black_stained_glass	10	?	?	?
minecraft:hard_black_stained_glass_pane	10	?	?	?
minecraft:hard_blue_stained_glass	10	?	?	?
minecraft:hard_blue_stained_glass_pane	10	?	?	?
minecraft:hard_brown_stained_glass	10	?	?	?
minecraft:hard_brown_stained_glass_pane	10	?	?	?
minecraft:hard_cyan_stained_glass	10	?	?	?
minecraft:hard_cyan_stained_glass_pane	10	?	?	?
minecraft:hard_glass	10	?	?	?
minecraft:hard_glass_pane	10	?	?	?
minecraft:hard_gray_stained_glass	10	?	?	?
minecraft:hard_gray_stained_glass_pane	10	?	?	?
minecraft:hard_green_stained_glass	10	?	?	?
minecraft:hard_green_stained_glass_pane	10	?	?	?
minecraft:hard_light_blue_stained_glass	10	?	?	?
minecraft:hard_light_blue_stained_glass_pane	10	?	?	?
minecraft:hard_light_gray_stained_glass	10	?	?	?
minecraft:hard_light_gray_stained_glass_pane	10	?	?	?
minecraft:hard_lime_stained_glass	10	?	?	?
minecraft:hard_lime_stained_glass_pane	10	?	?	?
minecraft:hard_magenta_stained_glass	10	?	?	?
minecraft:hard_magenta_stained_glass_pane	10	?	?	?
minecraft:hard_orange_stained_glass	10	?	?	?
minecraft:hard_orange_stained_glass_pane	10	?	?	?
minecraft:hard_pink_stained_glass	10	?	?	?
minecraft:hard_pink_stained_glass_pane	10	?	?	?
minecraft:hard_purple_stained_glass	10	?	?	?
minecraft:hard_purple_stained_glass_pane	10	?	?	?
minecraft:hard_red_stained_glass	10	?	?	?
minecraft:hard_red_stained_glass_pane	10	?	?	?
minecraft:hard_white_stained_glass	10	?	?	?
minecraft:hard_white_stained_glass_pane	10	?	?	?
minecraft:hard_yellow_stained_glass	10	?	?	?
minecraft:hard_yellow_stained_glass_pane	10	?	?	?
minecraft:hardened_clay	1.25	pickaxe	pickaxe	0
minecraft:hay_block	0.5	hoe	-	-
minecraft:heavy_core	10	pickaxe	-	-
minecraft:heavy_weighted_pressure_plate	0.5	pickaxe	-	-
minecraft:honey_block	0	?	?	?
minecraft:honeycomb_block	0.6	?	?	?
minecraft:hopper	3	pickaxe	pickaxe	0
minecraft:horn_coral	0	?	?	?
minecraft:horn_coral_block	1.5	pickaxe	pickaxe	0
minecraft:horn_coral_fan	0	?	?	?
minecraft:horn_coral_wall_fan	0	?	?	?
minecraft:ice	0.5	pickaxe	-	-
minecraft:infested_chiseled_stone_bricks	0.75	pickaxe	-	-
minecraft:infested_cobblestone	1	pickaxe	-	-
minecraft:infested_cracked_stone_bricks	0.75	pickaxe	-	-
minecraft:infested_deepslate	1.5	pickaxe	-	-
minecraft:infested_mossy_stone_bricks	0.75	pickaxe	-	-
minecraft:infested_stone	0.75	pickaxe	-	-
minecraft:infested_stone_bricks	0.75	pickaxe	-	-
minecraft:info_update	1	?	?	?
minecraft:info_update2	1	?	?	?
minecraft:invisible_bedrock	-1	?	?	?
minecraft:iron_bars	5	pickaxe	pickaxe	0
minecraft:iron_block	5	pickaxe	pickaxe	1
minecraft:iron_chain	5	pickaxe	pickaxe	0
minecraft:iron_door	5	pickaxe	-	-
minecraft:iron_ore	3	pickaxe	pickaxe	1
minecraft:iron_trapdoor	5	pickaxe	pickaxe	0
minecraft:jigsaw	-1	?	?	?
minecraft:jukebox	2	axe	-	-
minecraft:jungle_button	0.5	axe	-	-
minecraft:jungle_door	3	axe	-	-
minecraft:jungle_double_slab	2	axe	-	-
minecraft:jungle_fence	2	axe	-	-
minecraft:jungle_fence_gate	2	axe	-	-
minecraft:jungle_hanging_sign	1	axe	-	-
minecraft:jungle_leaves	0.2	hoe,shears	-	-
minecraft:jungle_log	2	axe	-	-
minecraft:jungle_planks	2	axe	-	-
minecraft:jungle_pressure_plate	0.5	axe	-	-
minecraft:jungle_sapling	0	?	?	?
minecraft:jungle_shelf	2	axe	-	-
minecraft:jungle_slab	2	axe	-	-
minecraft:jungle_stairs	2	axe	-	-
minecraft:jungle_standing_sign	1	axe	-	-
minecraft:jungle_trapdoor	3	axe	-	-
minecraft:jungle_wall_sign	1	axe	-	-
minecraft:jungle_wood	2	axe	-	-
minecraft:kelp	0	?	?	?
minecraft:lab_table	2.5	?	?	?
minecraft:ladder	0.4	axe	-	-
minecraft:lantern	3.5	pickaxe	-	-
minecraft:lapis_block	3	pickaxe	pickaxe	1
minecraft:lapis_ore	3	pickaxe	pickaxe	1
minecraft:large_amethyst_bud	1.5	pickaxe	-	-
minecraft:large_fern	0	?	?	?
minecraft:lava	100	?	?	?
minecraft:leaf_litter	0	?	?	?
minecraft:lectern	2.5	axe	-	-
minecraft:lever	0.5	?	?	?
minecraft:light_block_0	-1	?	?	?
minecraft:light_block_1	-1	?	?	?
minecraft:light_block_10	-1	?	?	?
minecraft:light_block_11	-1	?	?	?
minecraft:light_block_12	-1	?	?	?
minecraft:light_block_13	-1	?	?	?
minecraft:light_block_14	-1	?	?	?
minecraft:light_block_15	-1	?	?	?
minecraft:light_block_2	-1	?	?	?
minecraft:light_block_3	-1	?	?	?
minecraft:light_block_4	-1	?	?	?
minecraft:light_block_5	-1	?	?	?
minecraft:light_block_6	-1	?	?	?
minecraft:light_block_7	-1	?	?	?
minecraft:light_block_8	-1	?	?	?
minecraft:light_block_9	-1	?	?	?
minecraft:light_blue_candle	0.1	?	?	?
minecraft:light_blue_candle_cake	0.5	?	?	?
minecraft:light_blue_carpet	0.1	?	?	?
minecraft:light_blue_concrete	1.799999	pickaxe	pickaxe	0
minecraft:light_blue_concrete_double_slab	1.799999	?	?	?
minecraft:light_blue_concrete_powder	0.5	shovel	-	-
minecraft:light_blue_concrete_slab	1.799999	?	?	?
minecraft:light_blue_concrete_stairs	1.799999	?	?	?
minecraft:light_blue_glazed_terracotta	1.399999	pickaxe	pickaxe	0
minecraft:light_blue_shulker_box	2	pickaxe	-	-
minecraft:light_blue_stained_glass	0.3	?	?	?
minecraft:light_blue_stained_glass_pane	0.3	?	?	?
minecraft:light_blue_terracotta	1.25	pickaxe	pickaxe	0
minecraft:light_blue_wool	0.8	shears	-	-
minecraft:light_blue_wool_double_slab	0.8	?	?	?
minecraft:light_blue_wool_slab	0.8	?	?	?
minecraft:light_blue_wool_stairs	0.8	?	?	?
minecraft:light_gray_candle	0.1	?	?	?
minecraft:light_gray_candle_cake	0.5	?	?	?
minecraft:light_gray_carpet	0.1	?	?	?
minecraft:light_gray_concrete	1.799999	pickaxe	pickaxe	0
minecraft:light_gray_concrete_double_slab	1.799999	?	?	?
minecraft:light_gray_concrete_powder	0.5	shovel	-	-
minecraft:light_gray_concrete_slab	1.799999	?	?	?
minecraft:light_gray_concrete_stairs	1.799999	?	?	?
minecraft:light_gray_shulker_box	2	pickaxe	-	-
minecraft:light_gray_stained_glass	0.3	?	?	?
minecraft:light_gray_stained_glass_pane	0.3	?	?	?
minecraft:light_gray_terracotta	1.25	pickaxe	pickaxe	0
minecraft:light_gray_wool	0.8	shears	-	-
minecraft:light_gray_wool_double_slab	0.8	?	?	?
minecraft:light_gray_wool_slab	0.8	?	?	?
minecraft:light_gray_wool_stairs	0.8	?	?	?
minecraft:light_weighted_pressure_plate	0.5	pickaxe	-	-
minecraft:lightning_rod	3	pickaxe	pickaxe	1
minecraft:lilac	0	?	?	?
minecraft:lily_of_the_valley	0	?	?	?
minecraft:lime_candle	0.1	?	?	?
minecraft:lime_candle_cake	0.5	?	?	?
minecraft:lime_carpet	0.1	?	?	?
minecraft:lime_concrete	1.799999	pickaxe	pickaxe	0
minecraft:lime_concrete_double_slab	1.799999	?	?	?
minecraft:lime_concrete_powder	0.5	shovel	-	-
minecraft:lime_concrete_slab	1.799999	?	?	?
minecraft:lime_concrete_stairs	1.799999	?	?	?
minecraft:lime_glazed_terracotta	1.399999	pickaxe	pickaxe	0
minecraft:lime_shulker_box	2	pickaxe	-	-
minecraft:lime_stained_glass	0.3	?	?	?
minecraft:lime_stained_glass_pane	0.3	?	?	?
minecraft:lime_terracotta	1.25	pickaxe	pickaxe	0
minecraft:lime_wool	0.8	shears	-	-
minecraft:lime_wool_double_slab	0.8	?	?	?
minecraft:lime_wool_slab	0.8	?	?	?
minecraft:lime_wool_stairs	0.8	?	?	?
minecraft:lit_blast_furnace	3.5	pickaxe	pickaxe	0
minecraft:lit_deepslate_redstone_ore	4.5	pickaxe	pickaxe	2
minecraft:lit_furnace	3.5	pickaxe	pickaxe	0
minecraft:lit_pumpkin	1	axe	-	-
minecraft:lit_redstone_lamp	0.3	?	?	?
minecraft:lit_redstone_ore	3	pickaxe	pickaxe	2
minecraft:lit_smoker	3.5	pickaxe	pickaxe	0
minecraft:lodestone	3.5	pickaxe	pickaxe	0
minecraft:loom	2.5	axe	-	-
minecraft:magenta_candle	0.1	?	?	?
minecraft:magenta_candle_cake	0.5	?	?	?
minecraft:magenta_carpet	0.1	?	?	?
minecraft:magenta_concrete	1.799999	pickaxe	pickaxe	0
minecraft:magenta_concrete_double_slab	1.799999	?	?	?
minecraft:magenta_concrete_powder	0.5	shovel	-	-
minecraft:magenta_concrete_slab	1.799999	?	?	?
minecraft:magenta_concrete_stairs	1.799999	?	?	?
minecraft:magenta_glazed_terracotta	1.399999	pickaxe	pickaxe	0
minecraft:magenta_shulker_box	2	pickaxe	-	-
minecraft:magenta_stained_glass	0.3	?	?	?
minecraft:magenta_stained_glass_pane	0.3	?	?	?
minecraft:magenta_terracotta	1.25	pickaxe	pickaxe	0
minecraft:magenta_wool	0.8	shears	-	-
minecraft:magenta_wool_double_slab	0.8	?	?	?
minecraft:magenta_wool_slab	0.8	?	?	?
minecraft:magenta_wool_stairs	0.8	?	?	?
minecraft:magma	0.5	pickaxe	pickaxe	0
minecraft:mangrove_button	0.5	axe	-	-
minecraft:mangrove_door	3	axe	-	-
minecraft:mangrove_double_slab	2	axe	-	-
minecraft:mangrove_fence	2	axe	-	-
minecraft:mangrove_fence_gate	2	axe	-	-
minecraft:mangrove_hanging_sign	1	axe	-	-
minecraft:mangrove_leaves	0.2	hoe,shears	-	-
minecraft:mangrove_log	2	axe	-	-
minecraft:mangrove_planks	2	axe	-	-
minecraft:mangrove_pressure_plate	0.5	axe	-	-
minecraft:mangrove_propagule	0	?	?	?
minecraft:mangrove_roots	0.699999	axe	-	-
minecraft:mangrove_shelf	2	axe	-	-
minecraft:mangrove_slab	2	axe	-	-
minecraft:mangrove_stairs	2	axe	-	-
minecraft:mangrove_standing_sign	1	axe	-	-
minecraft:mangrove_trapdoor	3	axe	-	-
minecraft:mangrove_wall_sign	1	axe	-	-
minecraft:mangrove_wood	2	axe	-	-
minecraft:material_reducer	2.5	?	?	?
minecraft:medium_amethyst_bud	1.5	pickaxe	-	-
minecraft:melon_block	1	axe	-	-
minecraft:melon_stem	0	?	?	?
minecraft:mob_spawner	5	pickaxe	pickaxe	0
minecraft:moss_block	0.1	hoe	-	-
minecraft:moss_carpet	0.1	hoe	-	-
minecraft:mossy_cobblestone	2	pickaxe	pickaxe	0
minecraft:mossy_cobblestone_double_slab	2	pickaxe	pickaxe	0
minecraft:mossy_cobblestone_slab	2	pickaxe	pickaxe	0
minecraft:mossy_cobblestone_stairs	2	pickaxe	pickaxe	0
minecraft:mossy_cobblestone_wall	2	pickaxe	pickaxe	0
minecraft:mossy_stone_brick_double_slab	1.5	pickaxe	pickaxe	0
minecraft:mossy_stone_brick_slab	1.5	pickaxe	pickaxe	0
minecraft:mossy_stone_brick_stairs	1.5	pickaxe	pickaxe	0
minecraft:mossy_stone_brick_wall	1.5	pickaxe	pickaxe	0
minecraft:mossy_stone_bricks	1.5	pickaxe	pickaxe	0
minecraft:moving_block	-1	?	?	?
minecraft:mud	0.5	shovel	-	-
minecraft:mud_brick_double_slab	1.5	pickaxe	pickaxe	0
minecraft:mud_brick_slab	1.5	pickaxe	pickaxe	0
minecraft:mud_brick_stairs	1.5	pickaxe	pickaxe	0
minecraft:mud_brick_wall	1.5	pickaxe	pickaxe	0
minecraft:mud_bricks	1.5	pickaxe	pickaxe	0
minecraft:muddy_mangrove_roots	0.699999	shovel	-	-
minecraft:mushroom_stem	0.2	axe	-	-
minecraft:mycelium	0.6	shovel	-	-
minecraft:nether_brick	2	pickaxe	pickaxe	0
minecraft:nether_brick_double_slab	2	pickaxe	pickaxe	0
minecraft:nether_brick_fence	2	pickaxe	pickaxe	0
minecraft:nether_brick_slab	2	pickaxe	pickaxe	0
minecraft:nether_brick_stairs	2	pickaxe	pickaxe	0
minecraft:nether_brick_wall	2	pickaxe	pickaxe	0
minecraft:nether_gold_ore	3	pickaxe	pickaxe	0
minecraft:nether_sprouts	0	?	?	?
minecraft:nether_wart	0	?	?	?
minecraft:nether_wart_block	1	hoe	-	-
minecraft:netherite_block	50	pickaxe	pickaxe	3
minecraft:netherrack	0.4	pickaxe	pickaxe	0
minecraft:netherreactor	3	?	?	?
minecraft:normal_stone_double_slab	2	pickaxe	pickaxe	0
minecraft:normal_stone_slab	2	pickaxe	pickaxe	0
minecraft:normal_stone_stairs	1.5	pickaxe	pickaxe	0
minecraft:noteblock	0.8	axe	-	-
minecraft:oak_double_slab	2	axe	-	-
minecraft:oak_fence	2	axe	-	-
minecraft:oak_hanging_sign	1	axe	-	-
minecraft:oak_leaves	0.2	hoe,shears	-	-
minecraft:oak_log	2	axe	-	-
minecraft:oak_planks	2	axe	-	-
minecraft:oak_sapling	0	?	?	?
minecraft:oak_shelf	2	axe	-	-
minecraft:oak_slab	2	axe	-	-
minecraft:oak_stairs	2	axe	-	-
minecraft:oak_wood	2	axe	-	-
minecraft:observer	3	pickaxe	pickaxe	0
minecraft:obsidian	35	pickaxe	pickaxe	3
minecraft:ochre_froglight	0.3	?	?	?
minecraft:open_eyeblossom	0	?	?	?
minecraft:orange_candle	0.1	?	?	?
minecraft:orange_candle_cake	0.5	?	?	?
minecraft:orange_carpet	0.1	?	?	?
minecraft:orange_concrete	1.799999	pickaxe	pickaxe	0
minecraft:orange_concrete_double_slab	1.799999	?	?	?
minecraft:orange_concrete_powder	0.5	shovel	-	-
minecraft:orange_concrete_slab	1.799999	?	?	?
minecraft:orange_concrete_stairs	1.799999	?	?	?
minecraft:orange_glazed_terracotta	1.399999	pickaxe	pickaxe	0
minecraft:orange_poplar_leaves	0.2	?	?	?
minecraft:orange_shulker_box	2	pickaxe	-	-
minecraft:orange_stained_glass	0.3	?	?	?
minecraft:orange_stained_glass_pane	0.3	?	?	?
minecraft:orange_terracotta	1.25	pickaxe	pickaxe	0
minecraft:orange_tulip	0	?	?	?
minecraft:orange_wool	0.8	shears	-	-
minecraft:orange_wool_double_slab	0.8	?	?	?
minecraft:orange_wool_slab	0.8	?	?	?
minecraft:orange_wool_stairs	0.8	?	?	?
minecraft:oxeye_daisy	0	?	?	?
minecraft:oxidized_chiseled_copper	3	pickaxe	pickaxe	1
minecraft:oxidized_copper	3	pickaxe	pickaxe	1
minecraft:oxidized_copper_bars	5	pickaxe	pickaxe	0
minecraft:oxidized_copper_bulb	3	pickaxe	pickaxe	1
minecraft:oxidized_copper_chain	5	pickaxe	pickaxe	0
minecraft:oxidized_copper_chest	3	pickaxe	pickaxe	1
minecraft:oxidized_copper_door	3	pickaxe	-	-
minecraft:oxidized_copper_golem_statue	3	pickaxe	-	-
minecraft:oxidized_copper_grate	3	pickaxe	pickaxe	1
minecraft:oxidized_copper_lantern	3.5	pickaxe	-	-
minecraft:oxidized_copper_trapdoor	3	pickaxe	pickaxe	1
minecraft:oxidized_cut_copper	3	pickaxe	pickaxe	1
minecraft:oxidized_cut_copper_slab	3	pickaxe	pickaxe	1
minecraft:oxidized_cut_copper_stairs	3	pickaxe	pickaxe	1
minecraft:oxidized_double_cut_copper_slab	3	pickaxe	pickaxe	1
minecraft:oxidized_lightning_rod	3	pickaxe	pickaxe	1
minecraft:packed_ice	0.5	pickaxe	-	-
minecraft:packed_mud	1	pickaxe	-	-
minecraft:pale_hanging_moss	0	?	?	?
minecraft:pale_moss_block	0.1	hoe	-	-
minecraft:pale_moss_carpet	0.1	hoe	-	-
minecraft:pale_oak_button	0.5	axe	-	-
minecraft:pale_oak_door	3	axe	-	-
minecraft:pale_oak_double_slab	2	axe	-	-
minecraft:pale_oak_fence	2	axe	-	-
minecraft:pale_oak_fence_gate	2	axe	-	-
minecraft:pale_oak_hanging_sign	1	axe	-	-
minecraft:pale_oak_leaves	0.2	hoe,shears	-	-
minecraft:pale_oak_log	2	axe	-	-
minecraft:pale_oak_planks	2	axe	-	-
minecraft:pale_oak_pressure_plate	0.5	axe	-	-
minecraft:pale_oak_sapling	0	?	?	?
minecraft:pale_oak_shelf	2	axe	-	-
minecraft:pale_oak_slab	2	axe	-	-
minecraft:pale_oak_stairs	2	axe	-	-
minecraft:pale_oak_standing_sign	1	axe	-	-
minecraft:pale_oak_trapdoor	3	axe	-	-
minecraft:pale_oak_wall_sign	1	axe	-	-
minecraft:pale_oak_wood	2	axe	-	-
minecraft:pearlescent_froglight	0.3	?	?	?
minecraft:peony	0	?	?	?
minecraft:petrified_oak_double_slab	2	pickaxe	pickaxe	0
minecraft:petrified_oak_slab	2	pickaxe	pickaxe	0
minecraft:piglin_head	1	?	?	?
minecraft:pink_candle	0.1	?	?	?
minecraft:pink_candle_cake	0.5	?	?	?
minecraft:pink_carpet	0.1	?	?	?
minecraft:pink_concrete	1.799999	pickaxe	pickaxe	0
minecraft:pink_concrete_double_slab	1.799999	?	?	?
minecraft:pink_concrete_powder	0.5	shovel	-	-
minecraft:pink_concrete_slab	1.799999	?	?	?
minecraft:pink_concrete_stairs	1.799999	?	?	?
minecraft:pink_glazed_terracotta	1.399999	pickaxe	pickaxe	0
minecraft:pink_petals	0	?	?	?
minecraft:pink_shulker_box	2	pickaxe	-	-
minecraft:pink_stained_glass	0.3	?	?	?
minecraft:pink_stained_glass_pane	0.3	?	?	?
minecraft:pink_terracotta	1.25	pickaxe	pickaxe	0
minecraft:pink_tulip	0	?	?	?
minecraft:pink_wool	0.8	shears	-	-
minecraft:pink_wool_double_slab	0.8	?	?	?
minecraft:pink_wool_slab	0.8	?	?	?
minecraft:pink_wool_stairs	0.8	?	?	?
minecraft:piston	1.5	pickaxe	-	-
minecraft:piston_arm_collision	1.5	pickaxe	-	-
minecraft:pitcher_crop	0	?	?	?
minecraft:pitcher_plant	0	?	?	?
minecraft:player_head	1	?	?	?
minecraft:podzol	0.5	shovel	-	-
minecraft:pointed_dripstone	1.5	pickaxe	-	-
minecraft:polished_andesite	1.5	pickaxe	pickaxe	0
minecraft:polished_andesite_double_slab	1.5	pickaxe	pickaxe	0
minecraft:polished_andesite_slab	1.5	pickaxe	pickaxe	0
minecraft:polished_andesite_stairs	1.5	pickaxe	pickaxe	0
minecraft:polished_basalt	1.25	pickaxe	pickaxe	0
minecraft:polished_blackstone	2	pickaxe	pickaxe	0
minecraft:polished_blackstone_brick_double_slab	2	pickaxe	pickaxe	0
minecraft:polished_blackstone_brick_slab	2	pickaxe	pickaxe	0
minecraft:polished_blackstone_brick_stairs	1.5	pickaxe	pickaxe	0
minecraft:polished_blackstone_brick_wall	1.5	pickaxe	pickaxe	0
minecraft:polished_blackstone_bricks	1.5	pickaxe	pickaxe	0
minecraft:polished_blackstone_button	0.5	pickaxe	-	-
minecraft:polished_blackstone_double_slab	2	pickaxe	pickaxe	0
minecraft:polished_blackstone_pressure_plate	0.5	pickaxe	-	-
minecraft:polished_blackstone_slab	2	pickaxe	pickaxe	0
minecraft:polished_blackstone_stairs	2	pickaxe	pickaxe	0
minecraft:polished_blackstone_wall	2	pickaxe	pickaxe	0
minecraft:polished_cinnabar	1.5	pickaxe	pickaxe	0
minecraft:polished_cinnabar_double_slab	1.5	pickaxe	pickaxe	0
minecraft:polished_cinnabar_slab	1.5	pickaxe	pickaxe	0
minecraft:polished_cinnabar_stairs	1.5	pickaxe	pickaxe	0
minecraft:polished_cinnabar_wall	1.5	pickaxe	pickaxe	0
minecraft:polished_deepslate	3.5	pickaxe	pickaxe	0
minecraft:polished_deepslate_double_slab	3.5	pickaxe	pickaxe	0
minecraft:polished_deepslate_slab	3.5	pickaxe	pickaxe	0
minecraft:polished_deepslate_stairs	3.5	pickaxe	pickaxe	0
minecraft:polished_deepslate_wall	3.5	pickaxe	pickaxe	0
minecraft:polished_diorite	1.5	pickaxe	pickaxe	0
minecraft:polished_diorite_double_slab	1.5	pickaxe	pickaxe	0
minecraft:polished_diorite_slab	1.5	pickaxe	pickaxe	0
minecraft:polished_diorite_stairs	1.5	pickaxe	pickaxe	0
minecraft:polished_granite	1.5	pickaxe	pickaxe	0
minecraft:polished_granite_double_slab	1.5	pickaxe	pickaxe	0
minecraft:polished_granite_slab	1.5	pickaxe	pickaxe	0
minecraft:polished_granite_stairs	1.5	pickaxe	pickaxe	0
minecraft:polished_sulfur	1.5	pickaxe	pickaxe	0
minecraft:polished_sulfur_double_slab	1.5	pickaxe	pickaxe	0
minecraft:polished_sulfur_slab	1.5	pickaxe	pickaxe	0
minecraft:polished_sulfur_stairs	1.5	pickaxe	pickaxe	0
minecraft:polished_sulfur_wall	1.5	pickaxe	pickaxe	0
minecraft:polished_tuff	1.5	pickaxe	pickaxe	0
minecraft:polished_tuff_double_slab	1.5	pickaxe	pickaxe	0
minecraft:polished_tuff_slab	1.5	pickaxe	pickaxe	0
minecraft:polished_tuff_stairs	1.5	pickaxe	pickaxe	0
minecraft:polished_tuff_wall	1.5	pickaxe	pickaxe	0
minecraft:poplar_button	0.5	?	?	?
minecraft:poplar_door	3	?	?	?
minecraft:poplar_double_slab	2	?	?	?
minecraft:poplar_fence	2	?	?	?
minecraft:poplar_fence_gate	2	?	?	?
minecraft:poplar_hanging_sign	1	?	?	?
minecraft:poplar_log	2	?	?	?
minecraft:poplar_planks	2	?	?	?
minecraft:poplar_pressure_plate	0.5	?	?	?
minecraft:poplar_sapling	0	?	?	?
minecraft:poplar_shelf	2	?	?	?
minecraft:poplar_slab	2	?	?	?
minecraft:poplar_stairs	2	?	?	?
minecraft:poplar_standing_sign	1	?	?	?
minecraft:poplar_trapdoor	3	?	?	?
minecraft:poplar_wall_sign	1	?	?	?
minecraft:poplar_wood	2	?	?	?
minecraft:poppy	0	?	?	?
minecraft:portal	-1	?	?	?
minecraft:potatoes	0	?	?	?
minecraft:potent_sulfur	1.5	pickaxe	pickaxe	0
minecraft:powder_snow	0.25	?	?	?
minecraft:powered_comparator	0	?	?	?
minecraft:powered_repeater	0	?	?	?
minecraft:prismarine	1.5	pickaxe	pickaxe	0
minecraft:prismarine_brick_double_slab	1.5	pickaxe	pickaxe	0
minecraft:prismarine_brick_slab	1.5	pickaxe	pickaxe	0
minecraft:prismarine_bricks	1.5	pickaxe	pickaxe	0
minecraft:prismarine_bricks_stairs	1.5	pickaxe	pickaxe	0
minecraft:prismarine_double_slab	1.5	pickaxe	pickaxe	0
minecraft:prismarine_slab	1.5	pickaxe	pickaxe	0
minecraft:prismarine_stairs	1.5	pickaxe	pickaxe	0
minecraft:prismarine_wall	1.5	pickaxe	pickaxe	0
minecraft:pumpkin	1	axe	-	-
minecraft:pumpkin_stem	0	?	?	?
minecraft:purple_candle	0.1	?	?	?
minecraft:purple_candle_cake	0.5	?	?	?
minecraft:purple_carpet	0.1	?	?	?
minecraft:purple_concrete	1.799999	pickaxe	pickaxe	0
minecraft:purple_concrete_double_slab	1.799999	?	?	?
minecraft:purple_concrete_powder	0.5	shovel	-	-
minecraft:purple_concrete_slab	1.799999	?	?	?
minecraft:purple_concrete_stairs	1.799999	?	?	?
minecraft:purple_glazed_terracotta	1.399999	pickaxe	pickaxe	0
minecraft:purple_shulker_box	2	pickaxe	-	-
minecraft:purple_stained_glass	0.3	?	?	?
minecraft:purple_stained_glass_pane	0.3	?	?	?
minecraft:purple_terracotta	1.25	pickaxe	pickaxe	0
minecraft:purple_wool	0.8	shears	-	-
minecraft:purple_wool_double_slab	0.8	?	?	?
minecraft:purple_wool_slab	0.8	?	?	?
minecraft:purple_wool_stairs	0.8	?	?	?
minecraft:purpur_block	1.5	pickaxe	pickaxe	0
minecraft:purpur_double_slab	2	pickaxe	pickaxe	0
minecraft:purpur_pillar	1.5	pickaxe	pickaxe	0
minecraft:purpur_slab	2	pickaxe	pickaxe	0
minecraft:purpur_stairs	1.5	pickaxe	pickaxe	0
minecraft:quartz_block	0.8	pickaxe	pickaxe	0
minecraft:quartz_bricks	0.8	pickaxe	pickaxe	0
minecraft:quartz_double_slab	2	pickaxe	pickaxe	0
minecraft:quartz_ore	3	pickaxe	pickaxe	0
minecraft:quartz_pillar	0.8	pickaxe	pickaxe	0
minecraft:quartz_slab	2	pickaxe	pickaxe	0
minecraft:quartz_stairs	0.8	pickaxe	pickaxe	0
minecraft:rail	0.699999	pickaxe	-	-
minecraft:raw_copper_block	5	pickaxe	pickaxe	1
minecraft:raw_gold_block	5	pickaxe	pickaxe	2
minecraft:raw_iron_block	5	pickaxe	pickaxe	1
minecraft:red_candle	0.1	?	?	?
minecraft:red_candle_cake	0.5	?	?	?
minecraft:red_carpet	0.1	?	?	?
minecraft:red_concrete	1.799999	pickaxe	pickaxe	0
minecraft:red_concrete_double_slab	1.799999	?	?	?
minecraft:red_concrete_powder	0.5	shovel	-	-
minecraft:red_concrete_slab	1.799999	?	?	?
minecraft:red_concrete_stairs	1.799999	?	?	?
minecraft:red_glazed_terracotta	1.399999	pickaxe	pickaxe	0
minecraft:red_mushroom	0	?	?	?
minecraft:red_mushroom_block	0.2	axe	-	-
minecraft:red_nether_brick	2	pickaxe	pickaxe	0
minecraft:red_nether_brick_double_slab	2	pickaxe	pickaxe	0
minecraft:red_nether_brick_slab	2	pickaxe	pickaxe	0
minecraft:red_nether_brick_stairs	2	pickaxe	pickaxe	0
minecraft:red_nether_brick_wall	2	pickaxe	pickaxe	0
minecraft:red_poplar_leaves	0.2	?	?	?
minecraft:red_sand	0.5	shovel	-	-
minecraft:red_sandstone	0.8	pickaxe	pickaxe	0
minecraft:red_sandstone_double_slab	2	pickaxe	pickaxe	0
minecraft:red_sandstone_slab	2	pickaxe	pickaxe	0
minecraft:red_sandstone_stairs	0.8	pickaxe	pickaxe	0
minecraft:red_sandstone_wall	0.8	pickaxe	pickaxe	0
minecraft:red_shrub	0	?	?	?
minecraft:red_shulker_box	2	pickaxe	-	-
minecraft:red_stained_glass	0.3	?	?	?
minecraft:red_stained_glass_pane	0.3	?	?	?
minecraft:red_terracotta	1.25	pickaxe	pickaxe	0
minecraft:red_tulip	0	?	?	?
minecraft:red_wool	0.8	shears	-	-
minecraft:red_wool_double_slab	0.8	?	?	?
minecraft:red_wool_slab	0.8	?	?	?
minecraft:red_wool_stairs	0.8	?	?	?
minecraft:redstone_block	5	pickaxe	pickaxe	0
minecraft:redstone_lamp	0.3	?	?	?
minecraft:redstone_ore	3	pickaxe	pickaxe	2
minecraft:redstone_torch	0	?	?	?
minecraft:redstone_wire	0	?	?	?
minecraft:reeds	0	?	?	?
minecraft:reinforced_deepslate	55	?	?	?
minecraft:repeating_command_block	-1	?	?	?
minecraft:reserved6	0	?	?	?
minecraft:resin_block	0	?	?	?
minecraft:resin_brick_double_slab	1.5	pickaxe	pickaxe	0
minecraft:resin_brick_slab	1.5	pickaxe	pickaxe	0
minecraft:resin_brick_stairs	1.5	pickaxe	pickaxe	0
minecraft:resin_brick_wall	1.5	pickaxe	pickaxe	0
minecraft:resin_bricks	1.5	pickaxe	pickaxe	0
minecraft:resin_clump	0	?	?	?
minecraft:respawn_anchor	50	pickaxe	pickaxe	3
minecraft:rose_bush	0	?	?	?
minecraft:sand	0.5	shovel	-	-
minecraft:sandstone	0.8	pickaxe	pickaxe	0
minecraft:sandstone_double_slab	2	pickaxe	pickaxe	0
minecraft:sandstone_slab	2	pickaxe	pickaxe	0
minecraft:sandstone_stairs	0.8	pickaxe	pickaxe	0
minecraft:sandstone_wall	0.8	pickaxe	pickaxe	0
minecraft:scaffolding	0	?	?	?
minecraft:sculk	0.2	hoe	-	-
minecraft:sculk_catalyst	3	hoe	-	-
minecraft:sculk_sensor	1.5	hoe	-	-
minecraft:sculk_shrieker	3	hoe	-	-
minecraft:sculk_vein	0.2	hoe	-	-
minecraft:sea_lantern	0.3	?	?	?
minecraft:sea_pickle	0	?	?	?
minecraft:seagrass	0	?	?	?
minecraft:shelf_mushroom	0	?	?	?
minecraft:short_dry_grass	0	?	?	?
minecraft:short_grass	0	?	?	?
minecraft:shroomlight	1	hoe	-	-
minecraft:silver_glazed_terracotta	1.399999	pickaxe	pickaxe	0
minecraft:skeleton_skull	1	?	?	?
minecraft:slime	0	?	?	?
minecraft:small_amethyst_bud	1.5	pickaxe	-	-
minecraft:small_dripleaf_block	0	?	?	?
minecraft:smithing_table	2.5	axe	-	-
minecraft:smoker	3.5	pickaxe	pickaxe	0
minecraft:smooth_basalt	1.25	pickaxe	pickaxe	0
minecraft:smooth_quartz	2	pickaxe	pickaxe	0
minecraft:smooth_quartz_double_slab	2	pickaxe	pickaxe	0
minecraft:smooth_quartz_slab	2	pickaxe	pickaxe	0
minecraft:smooth_quartz_stairs	2	pickaxe	pickaxe	0
minecraft:smooth_red_sandstone	2	pickaxe	pickaxe	0
minecraft:smooth_red_sandstone_double_slab	2	pickaxe	pickaxe	0
minecraft:smooth_red_sandstone_slab	2	pickaxe	pickaxe	0
minecraft:smooth_red_sandstone_stairs	2	pickaxe	pickaxe	0
minecraft:smooth_sandstone	2	pickaxe	pickaxe	0
minecraft:smooth_sandstone_double_slab	2	pickaxe	pickaxe	0
minecraft:smooth_sandstone_slab	2	pickaxe	pickaxe	0
minecraft:smooth_sandstone_stairs	2	pickaxe	pickaxe	0
minecraft:smooth_stone	2	pickaxe	pickaxe	0
minecraft:smooth_stone_double_slab	2	pickaxe	pickaxe	0
minecraft:smooth_stone_slab	2	pickaxe	pickaxe	0
minecraft:sniffer_egg	0.5	?	?	?
minecraft:snow	0.2	shovel	shovel	0
minecraft:snow_layer	0.1	shovel	shovel	0
minecraft:soul_campfire	2	axe	-	-
minecraft:soul_fire	0	?	?	?
minecraft:soul_lantern	3.5	pickaxe	-	-
minecraft:soul_sand	0.5	shovel	-	-
minecraft:soul_soil	0.5	shovel	-	-
minecraft:soul_torch	0	?	?	?
minecraft:sponge	0.6	hoe	-	-
minecraft:spore_blossom	0	?	?	?
minecraft:spruce_button	0.5	axe	-	-
minecraft:spruce_door	3	axe	-	-
minecraft:spruce_double_slab	2	axe	-	-
minecraft:spruce_fence	2	axe	-	-
minecraft:spruce_fence_gate	2	axe	-	-
minecraft:spruce_hanging_sign	1	axe	-	-
minecraft:spruce_leaves	0.2	hoe,shears	-	-
minecraft:spruce_log	2	axe	-	-
minecraft:spruce_planks	2	axe	-	-
minecraft:spruce_pressure_plate	0.5	axe	-	-
minecraft:spruce_sapling	0	?	?	?
minecraft:spruce_shelf	2	axe	-	-
minecraft:spruce_slab	2	axe	-	-
minecraft:spruce_stairs	2	axe	-	-
minecraft:spruce_standing_sign	1	axe	-	-
minecraft:spruce_trapdoor	3	axe	-	-
minecraft:spruce_wall_sign	1	axe	-	-
minecraft:spruce_wood	2	axe	-	-
minecraft:standing_banner	1	axe	-	-
minecraft:standing_sign	1	axe	-	-
minecraft:sticky_piston	1.5	pickaxe	-	-
minecraft:sticky_piston_arm_collision	1.5	pickaxe	-	-
minecraft:stone	1.5	pickaxe	pickaxe	0
minecraft:stone_brick_double_slab	2	pickaxe	pickaxe	0
minecraft:stone_brick_slab	2	pickaxe	pickaxe	0
minecraft:stone_brick_stairs	1.5	pickaxe	pickaxe	0
minecraft:stone_brick_wall	1.5	pickaxe	pickaxe	0
minecraft:stone_bricks	1.5	pickaxe	pickaxe	0
minecraft:stone_button	0.5	pickaxe	-	-
minecraft:stone_pressure_plate	0.5	pickaxe	-	-
minecraft:stone_stairs	2	pickaxe	pickaxe	0
minecraft:stonecutter	3.5	?	?	?
minecraft:stonecutter_block	3.5	pickaxe	pickaxe	0
minecraft:straw_bed	0.2	?	?	?
minecraft:stripped_acacia_log	2	axe	-	-
minecraft:stripped_acacia_wood	2	axe	-	-
minecraft:stripped_bamboo_block	2	axe	-	-
minecraft:stripped_birch_log	2	axe	-	-
minecraft:stripped_birch_wood	2	axe	-	-
minecraft:stripped_cherry_log	2	axe	-	-
minecraft:stripped_cherry_wood	2	axe	-	-
minecraft:stripped_crimson_hyphae	2	axe	-	-
minecraft:stripped_crimson_stem	2	axe	-	-
minecraft:stripped_dark_oak_log	2	axe	-	-
minecraft:stripped_dark_oak_wood	2	axe	-	-
minecraft:stripped_jungle_log	2	axe	-	-
minecraft:stripped_jungle_wood	2	axe	-	-
minecraft:stripped_mangrove_log	2	axe	-	-
minecraft:stripped_mangrove_wood	2	axe	-	-
minecraft:stripped_oak_log	2	axe	-	-
minecraft:stripped_oak_wood	2	axe	-	-
minecraft:stripped_pale_oak_log	2	axe	-	-
minecraft:stripped_pale_oak_wood	2	axe	-	-
minecraft:stripped_poplar_log	2	?	?	?
minecraft:stripped_poplar_wood	2	?	?	?
minecraft:stripped_spruce_log	2	axe	-	-
minecraft:stripped_spruce_wood	2	axe	-	-
minecraft:stripped_warped_hyphae	2	axe	-	-
minecraft:stripped_warped_stem	2	axe	-	-
minecraft:structure_block	-1	?	?	?
minecraft:structure_void	0	?	?	?
minecraft:sulfur	1.5	pickaxe	pickaxe	0
minecraft:sulfur_brick_double_slab	1.5	pickaxe	pickaxe	0
minecraft:sulfur_brick_slab	1.5	pickaxe	pickaxe	0
minecraft:sulfur_brick_stairs	1.5	pickaxe	pickaxe	0
minecraft:sulfur_brick_wall	1.5	pickaxe	pickaxe	0
minecraft:sulfur_bricks	1.5	pickaxe	pickaxe	0
minecraft:sulfur_double_slab	1.5	pickaxe	pickaxe	0
minecraft:sulfur_slab	1.5	pickaxe	pickaxe	0
minecraft:sulfur_spike	1.5	pickaxe	-	-
minecraft:sulfur_stairs	1.5	pickaxe	pickaxe	0
minecraft:sulfur_wall	1.5	pickaxe	pickaxe	0
minecraft:sunflower	0	?	?	?
minecraft:suspicious_gravel	0.25	shovel	-	-
minecraft:suspicious_sand	0.25	shovel	-	-
minecraft:sweet_berry_bush	0	?	?	?
minecraft:tall_dry_grass	0	?	?	?
minecraft:tall_grass	0	?	?	?
minecraft:target	0.5	hoe	-	-
minecraft:tinted_glass	0.3	?	?	?
minecraft:tnt	0	?	?	?
minecraft:torch	0	?	?	?
minecraft:torchflower	0	?	?	?
minecraft:torchflower_crop	0	?	?	?
minecraft:trapdoor	3	axe	-	-
minecraft:trapped_chest	2.5	axe	-	-
minecraft:trial_spawner	50	?	?	?
minecraft:trip_wire	0	?	?	?
minecraft:tripwire_hook	0	?	?	?
minecraft:tube_coral	0	?	?	?
minecraft:tube_coral_block	1.5	pickaxe	pickaxe	0
minecraft:tube_coral_fan	0	?	?	?
minecraft:tube_coral_wall_fan	0	?	?	?
minecraft:tuff	1.5	pickaxe	pickaxe	0
minecraft:tuff_brick_double_slab	1.5	pickaxe	pickaxe	0
minecraft:tuff_brick_slab	1.5	pickaxe	pickaxe	0
minecraft:tuff_brick_stairs	1.5	pickaxe	pickaxe	0
minecraft:tuff_brick_wall	1.5	pickaxe	pickaxe	0
minecraft:tuff_bricks	1.5	pickaxe	pickaxe	0
minecraft:tuff_double_slab	1.5	pickaxe	pickaxe	0
minecraft:tuff_slab	1.5	pickaxe	pickaxe	0
minecraft:tuff_stairs	1.5	pickaxe	pickaxe	0
minecraft:tuff_wall	1.5	pickaxe	pickaxe	0
minecraft:turtle_egg	0.5	?	?	?
minecraft:twisting_vines	0	?	?	?
minecraft:underwater_tnt	0	?	?	?
minecraft:underwater_torch	0	?	?	?
minecraft:undyed_shulker_box	2	pickaxe	-	-
minecraft:unknown	0	?	?	?
minecraft:unlit_redstone_torch	0	?	?	?
minecraft:unpowered_comparator	0	?	?	?
minecraft:unpowered_repeater	0	?	?	?
minecraft:vault	50	?	?	?
minecraft:verdant_froglight	0.3	?	?	?
minecraft:vine	0.2	?	?	?
minecraft:wall_banner	1	axe	-	-
minecraft:wall_sign	1	axe	-	-
minecraft:warped_button	0.5	axe	-	-
minecraft:warped_door	3	axe	-	-
minecraft:warped_double_slab	2	axe	-	-
minecraft:warped_fence	2	axe	-	-
minecraft:warped_fence_gate	2	axe	-	-
minecraft:warped_fungus	0	?	?	?
minecraft:warped_hanging_sign	1	axe	-	-
minecraft:warped_hyphae	2	axe	-	-
minecraft:warped_nylium	0.4	pickaxe	pickaxe	0
minecraft:warped_planks	2	axe	-	-
minecraft:warped_pressure_plate	0.5	axe	-	-
minecraft:warped_roots	0	?	?	?
minecraft:warped_shelf	2	axe	-	-
minecraft:warped_slab	2	axe	-	-
minecraft:warped_stairs	2	axe	-	-
minecraft:warped_standing_sign	1	axe	-	-
minecraft:warped_stem	2	axe	-	-
minecraft:warped_trapdoor	3	axe	-	-
minecraft:warped_wall_sign	1	axe	-	-
minecraft:warped_wart_block	1	hoe	-	-
minecraft:water	100	?	?	?
minecraft:waterlily	0	?	?	?
minecraft:waxed_chiseled_copper	3	pickaxe	pickaxe	1
minecraft:waxed_copper	3	pickaxe	pickaxe	1
minecraft:waxed_copper_bars	5	pickaxe	pickaxe	0
minecraft:waxed_copper_bulb	3	pickaxe	pickaxe	1
minecraft:waxed_copper_chain	5	pickaxe	pickaxe	0
minecraft:waxed_copper_chest	3	pickaxe	pickaxe	1
minecraft:waxed_copper_door	3	pickaxe	-	-
minecraft:waxed_copper_golem_statue	3	pickaxe	-	-
minecraft:waxed_copper_grate	3	pickaxe	pickaxe	1
minecraft:waxed_copper_lantern	3.5	pickaxe	-	-
minecraft:waxed_copper_trapdoor	3	pickaxe	pickaxe	1
minecraft:waxed_cut_copper	3	pickaxe	pickaxe	1
minecraft:waxed_cut_copper_slab	3	pickaxe	pickaxe	1
minecraft:waxed_cut_copper_stairs	3	pickaxe	pickaxe	1
minecraft:waxed_double_cut_copper_slab	3	pickaxe	pickaxe	1
minecraft:waxed_exposed_chiseled_copper	3	pickaxe	pickaxe	1
minecraft:waxed_exposed_copper	3	pickaxe	pickaxe	1
minecraft:waxed_exposed_copper_bars	5	pickaxe	pickaxe	0
minecraft:waxed_exposed_copper_bulb	3	pickaxe	pickaxe	1
minecraft:waxed_exposed_copper_chain	5	pickaxe	pickaxe	0
minecraft:waxed_exposed_copper_chest	3	pickaxe	pickaxe	1
minecraft:waxed_exposed_copper_door	3	pickaxe	-	-
minecraft:waxed_exposed_copper_golem_statue	3	pickaxe	-	-
minecraft:waxed_exposed_copper_grate	3	pickaxe	pickaxe	1
minecraft:waxed_exposed_copper_lantern	3.5	pickaxe	-	-
minecraft:waxed_exposed_copper_trapdoor	3	pickaxe	pickaxe	1
minecraft:waxed_exposed_cut_copper	3	pickaxe	pickaxe	1
minecraft:waxed_exposed_cut_copper_slab	3	pickaxe	pickaxe	1
minecraft:waxed_exposed_cut_copper_stairs	3	pickaxe	pickaxe	1
minecraft:waxed_exposed_double_cut_copper_slab	3	pickaxe	pickaxe	1
minecraft:waxed_exposed_lightning_rod	3	pickaxe	pickaxe	1
minecraft:waxed_lightning_rod	3	pickaxe	pickaxe	1
minecraft:waxed_oxidized_chiseled_copper	3	pickaxe	pickaxe	1
minecraft:waxed_oxidized_copper	3	pickaxe	pickaxe	1
minecraft:waxed_oxidized_copper_bars	5	pickaxe	pickaxe	0
minecraft:waxed_oxidized_copper_bulb	3	pickaxe	pickaxe	1
minecraft:waxed_oxidized_copper_chain	5	pickaxe	pickaxe	0
minecraft:waxed_oxidized_copper_chest	3	pickaxe	pickaxe	1
minecraft:waxed_oxidized_copper_door	3	pickaxe	-	-
minecraft:waxed_oxidized_copper_golem_statue	3	pickaxe	-	-
minecraft:waxed_oxidized_copper_grate	3	pickaxe	pickaxe	1
minecraft:waxed_oxidized_copper_lantern	3.5	pickaxe	-	-
minecraft:waxed_oxidized_copper_trapdoor	3	pickaxe	pickaxe	1
minecraft:waxed_oxidized_cut_copper	3	pickaxe	pickaxe	1
minecraft:waxed_oxidized_cut_copper_slab	3	pickaxe	pickaxe	1
minecraft:waxed_oxidized_cut_copper_stairs	3	pickaxe	pickaxe	1
minecraft:waxed_oxidized_double_cut_copper_slab	3	pickaxe	pickaxe	1
minecraft:waxed_oxidized_lightning_rod	3	pickaxe	pickaxe	1
minecraft:waxed_weathered_chiseled_copper	3	pickaxe	pickaxe	1
minecraft:waxed_weathered_copper	3	pickaxe	pickaxe	1
minecraft:waxed_weathered_copper_bars	5	pickaxe	pickaxe	0
minecraft:waxed_weathered_copper_bulb	3	pickaxe	pickaxe	1
minecraft:waxed_weathered_copper_chain	5	pickaxe	pickaxe	0
minecraft:waxed_weathered_copper_chest	3	pickaxe	pickaxe	1
minecraft:waxed_weathered_copper_door	3	pickaxe	-	-
minecraft:waxed_weathered_copper_golem_statue	3	pickaxe	-	-
minecraft:waxed_weathered_copper_grate	3	pickaxe	pickaxe	1
minecraft:waxed_weathered_copper_lantern	3.5	pickaxe	-	-
minecraft:waxed_weathered_copper_trapdoor	3	pickaxe	pickaxe	1
minecraft:waxed_weathered_cut_copper	3	pickaxe	pickaxe	1
minecraft:waxed_weathered_cut_copper_slab	3	pickaxe	pickaxe	1
minecraft:waxed_weathered_cut_copper_stairs	3	pickaxe	pickaxe	1
minecraft:waxed_weathered_double_cut_copper_slab	3	pickaxe	pickaxe	1
minecraft:waxed_weathered_lightning_rod	3	pickaxe	pickaxe	1
minecraft:weathered_chiseled_copper	3	pickaxe	pickaxe	1
minecraft:weathered_copper	3	pickaxe	pickaxe	1
minecraft:weathered_copper_bars	5	pickaxe	pickaxe	0
minecraft:weathered_copper_bulb	3	pickaxe	pickaxe	1
minecraft:weathered_copper_chain	5	pickaxe	pickaxe	0
minecraft:weathered_copper_chest	3	pickaxe	pickaxe	1
minecraft:weathered_copper_door	3	pickaxe	-	-
minecraft:weathered_copper_golem_statue	3	pickaxe	-	-
minecraft:weathered_copper_grate	3	pickaxe	pickaxe	1
minecraft:weathered_copper_lantern	3.5	pickaxe	-	-
minecraft:weathered_copper_trapdoor	3	pickaxe	pickaxe	1
minecraft:weathered_cut_copper	3	pickaxe	pickaxe	1
minecraft:weathered_cut_copper_slab	3	pickaxe	pickaxe	1
minecraft:weathered_cut_copper_stairs	3	pickaxe	pickaxe	1
minecraft:weathered_double_cut_copper_slab	3	pickaxe	pickaxe	1
minecraft:weathered_lightning_rod	3	pickaxe	pickaxe	1
minecraft:web	4	shears,sword	shears,sword	0
minecraft:weeping_vines	0	?	?	?
minecraft:wet_sponge	0.6	hoe	-	-
minecraft:wheat	0	?	?	?
minecraft:white_candle	0.1	?	?	?
minecraft:white_candle_cake	0.5	?	?	?
minecraft:white_carpet	0.1	?	?	?
minecraft:white_concrete	1.799999	pickaxe	pickaxe	0
minecraft:white_concrete_double_slab	1.799999	?	?	?
minecraft:white_concrete_powder	0.5	shovel	-	-
minecraft:white_concrete_slab	1.799999	?	?	?
minecraft:white_concrete_stairs	1.799999	?	?	?
minecraft:white_glazed_terracotta	1.399999	pickaxe	pickaxe	0
minecraft:white_shulker_box	2	pickaxe	-	-
minecraft:white_stained_glass	0.3	?	?	?
minecraft:white_stained_glass_pane	0.3	?	?	?
minecraft:white_terracotta	1.25	pickaxe	pickaxe	0
minecraft:white_tulip	0	?	?	?
minecraft:white_wool	0.8	shears	-	-
minecraft:white_wool_double_slab	0.8	?	?	?
minecraft:white_wool_slab	0.8	?	?	?
minecraft:white_wool_stairs	0.8	?	?	?
minecraft:wildflowers	0	?	?	?
minecraft:wither_rose	0	?	?	?
minecraft:wither_skeleton_skull	1	?	?	?
minecraft:wooden_button	0.5	axe	-	-
minecraft:wooden_door	3	axe	-	-
minecraft:wooden_pressure_plate	0.5	axe	-	-
minecraft:yellow_candle	0.1	?	?	?
minecraft:yellow_candle_cake	0.5	?	?	?
minecraft:yellow_carpet	0.1	?	?	?
minecraft:yellow_concrete	1.799999	pickaxe	pickaxe	0
minecraft:yellow_concrete_double_slab	1.799999	?	?	?
minecraft:yellow_concrete_powder	0.5	shovel	-	-
minecraft:yellow_concrete_slab	1.799999	?	?	?
minecraft:yellow_concrete_stairs	1.799999	?	?	?
minecraft:yellow_glazed_terracotta	1.399999	pickaxe	pickaxe	0
minecraft:yellow_poplar_leaves	0.2	?	?	?
minecraft:yellow_shulker_box	2	pickaxe	-	-
minecraft:yellow_stained_glass	0.3	?	?	?
minecraft:yellow_stained_glass_pane	0.3	?	?	?
minecraft:yellow_terracotta	1.25	pickaxe	pickaxe	0
minecraft:yellow_wool	0.8	shears	-	-
minecraft:yellow_wool_double_slab	0.8	?	?	?
minecraft:yellow_wool_slab	0.8	?	?	?
minecraft:yellow_wool_stairs	0.8	?	?	?
minecraft:zombie_head	1	?	?	?
