minecraft:acacia_boat	0	boat	4
minecraft:acacia_chest_boat	0	chest_boat	4
minecraft:acacia_door	0	acacia_door	0
minecraft:acacia_hanging_sign	0	sign_acacia_hanging	0
minecraft:acacia_sign	0	sign_acacia	0
minecraft:amethyst_shard	0	amethyst_shard	0
minecraft:angler_pottery_sherd	0	angler_pottery_sherd	0
minecraft:apple	0	apple	0
minecraft:archer_pottery_sherd	0	archer_pottery_sherd	0
minecraft:armadillo_scute	0	armadillo_scute	0
minecraft:armor_stand	0	armor_stand	0
minecraft:arms_up_pottery_sherd	0	arms_up_pottery_sherd	0
minecraft:arrow	0	arrow	0
minecraft:axolotl_bucket	0	bucket	9
minecraft:balloon	0	balloon	0
minecraft:bamboo_chest_raft	0	chest_boat	7
minecraft:bamboo_door	0	bamboo_door	0
minecraft:bamboo_hanging_sign	0	sign_bamboo_hanging	0
minecraft:bamboo_raft	0	boat	7
minecraft:bamboo_sign	0	bamboo_sign	0
minecraft:banner	0	sign	0
minecraft:bed	0	bed	0
minecraft:birch_boat	0	boat	2
minecraft:birch_chest_boat	0	chest_boat	2
minecraft:birch_door	0	birch_door	0
minecraft:birch_hanging_sign	0	sign_birch_hanging	0
minecraft:birch_sign	0	sign_birch	0
minecraft:black_bundle	0	bundle_black	0
minecraft:black_dye	0	dye_powder	16
minecraft:black_harness	0	harness_black	0
minecraft:blade_pottery_sherd	0	blade_pottery_sherd	0
minecraft:blaze_powder	0	blaze_powder	0
minecraft:blaze_rod	0	blaze_rod	0
minecraft:bleach	0	bleach	0
minecraft:blue_bundle	0	bundle_blue	0
minecraft:blue_dye	0	dye_powder	18
minecraft:blue_egg	0	blue_egg	0
minecraft:blue_harness	0	harness_blue	0
minecraft:board	0	chalkboard	0
minecraft:bolt_armor_trim_smithing_template	0	bolt_armor_trim_smithing_template	0
minecraft:bone	0	bone	0
minecraft:bone_meal	0	dye_powder	15
minecraft:book	0	book_normal	0
minecraft:bordure_indented_banner_pattern	0	bordure_indented_banner_pattern	0
minecraft:bow	0	bow_standby	0
minecraft:bowl	0	bowl	0
minecraft:breeze_rod	0	breeze_rod	0
minecraft:brewer_pottery_sherd	0	brewer_pottery_sherd	0
minecraft:brewing_stand	0	brewing_stand	0
minecraft:brick	0	brick	0
minecraft:brown_bundle	0	bundle_brown	0
minecraft:brown_dye	0	dye_powder	17
minecraft:brown_egg	0	brown_egg	0
minecraft:brown_harness	0	harness_brown	0
minecraft:brush	0	brush	0
minecraft:bucket	0	bucket	0
minecraft:bundle	0	bundle	0
minecraft:burn_pottery_sherd	0	burn_pottery_sherd	0
minecraft:cake	0	cake	0
minecraft:campfire	0	campfire	0
minecraft:carrot_on_a_stick	0	carrot_on_a_stick	0
minecraft:cauldron	0	cauldron	0
minecraft:chainmail_boots	0	boots	1
minecraft:chainmail_chestplate	0	chestplate	1
minecraft:chainmail_helmet	0	helmet	1
minecraft:chainmail_leggings	0	leggings	1
minecraft:charcoal	0	charcoal	0
minecraft:cherry_boat	0	boat	8
minecraft:cherry_chest_boat	0	chest_boat	8
minecraft:cherry_door	0	cherry_door	0
minecraft:cherry_hanging_sign	0	sign_cherry_hanging	0
minecraft:cherry_sign	0	cherry_sign	0
minecraft:chest_minecart	0	minecart_chest	0
minecraft:clay_ball	0	clay_ball	0
minecraft:clock	0	clock_item	0
minecraft:coal	0	coal	0
minecraft:coast_armor_trim_smithing_template	0	coast_armor_trim_smithing_template	0
minecraft:cocoa_beans	0	dye_powder	3
minecraft:cod	0	fish	0
minecraft:cod_bucket	0	bucket	4
minecraft:comparator	0	comparator	0
minecraft:compass	0	compass_item	0
minecraft:compound	0	compound	0
minecraft:cooked_cod	0	cooked_fish	0
minecraft:cooked_mutton	0	mutton_cooked	0
minecraft:copper_axe	0	axe	6
minecraft:copper_boots	0	boots	6
minecraft:copper_chestplate	0	chestplate	6
minecraft:copper_door	0	copper_door	0
minecraft:copper_helmet	0	helmet	6
minecraft:copper_hoe	0	hoe	6
minecraft:copper_horse_armor	0	copper_horse_armor	0
minecraft:copper_ingot	0	copper_ingot	0
minecraft:copper_leggings	0	leggings	6
minecraft:copper_nautilus_armor	0	copper_nautilus_armor	0
minecraft:copper_nugget	0	copper_nugget	0
minecraft:copper_pickaxe	0	pickaxe	6
minecraft:copper_shovel	0	shovel	6
minecraft:copper_sword	0	sword	6
minecraft:creeper_banner_pattern	0	creeper_banner_pattern	0
minecraft:crimson_door	0	crimson_door	0
minecraft:crimson_hanging_sign	0	sign_crimson_hanging	0
minecraft:crimson_sign	0	crimson_sign_item	0
minecraft:crossbow	0	crossbow_standby	0
minecraft:cyan_bundle	0	bundle_cyan	0
minecraft:cyan_dye	0	dye_powder	6
minecraft:cyan_harness	0	harness_cyan	0
minecraft:danger_pottery_sherd	0	danger_pottery_sherd	0
minecraft:dark_oak_boat	0	boat	5
minecraft:dark_oak_chest_boat	0	chest_boat	5
minecraft:dark_oak_door	0	dark_oak_door	0
minecraft:dark_oak_hanging_sign	0	sign_darkoak_hanging	0
minecraft:dark_oak_sign	0	sign_darkoak	0
minecraft:diamond	0	diamond	0
minecraft:diamond_axe	0	axe	4
minecraft:diamond_boots	0	boots	4
minecraft:diamond_chestplate	0	chestplate	4
minecraft:diamond_helmet	0	helmet	4
minecraft:diamond_hoe	0	hoe	4
minecraft:diamond_horse_armor	0	diamond_horse_armor	0
minecraft:diamond_leggings	0	leggings	4
minecraft:diamond_nautilus_armor	0	diamond_nautilus_armor	0
minecraft:diamond_pickaxe	0	pickaxe	4
minecraft:diamond_shovel	0	shovel	4
minecraft:diamond_sword	0	sword	4
minecraft:disc_fragment_5	0	disc_fragment_5	0
minecraft:dragon_breath	0	dragon_breath	0
minecraft:dried_kelp	0	dried_kelp	0
minecraft:dune_armor_trim_smithing_template	0	dune_armor_trim_smithing_template	0
minecraft:echo_shard	0	echo_shard	0
minecraft:egg	0	egg	0
minecraft:elytra	0	elytra	0
minecraft:emerald	0	emerald	0
minecraft:empty_map	0	map_empty	0
minecraft:enchanted_book	0	book_enchanted	0
minecraft:enchanted_golden_apple	0	apple_golden	0
minecraft:end_crystal	0	end_crystal	0
minecraft:ender_eye	0	ender_eye	0
minecraft:ender_pearl	0	ender_pearl	0
minecraft:experience_bottle	0	experience_bottle	0
minecraft:explorer_pottery_sherd	0	explorer_pottery_sherd	0
minecraft:exposed_copper_door	0	exposed_copper_door	0
minecraft:eye_armor_trim_smithing_template	0	eye_armor_trim_smithing_template	0
minecraft:feather	0	feather	0
minecraft:fermented_spider_eye	0	spider_eye_fermented	0
minecraft:field_masoned_banner_pattern	0	field_masoned_banner_pattern	0
minecraft:fire_charge	0	fireball	0
minecraft:firework_rocket	0	fireworks	0
minecraft:firework_star	0	fireworks_charge	0
minecraft:fishing_rod	0	fishing_rod	0
minecraft:flint	0	flint	0
minecraft:flint_and_steel	0	flint_and_steel	0
minecraft:flow_armor_trim_smithing_template	0	flow_armor_trim_smithing_template	0
minecraft:flow_banner_pattern	0	flow_banner_pattern	0
minecraft:flow_pottery_sherd	0	flow_pottery_sherd	0
minecraft:flower_banner_pattern	0	flower_banner_pattern	0
minecraft:flower_pot	0	flower_pot	0
minecraft:frame	0	item_frame	0
minecraft:friend_pottery_sherd	0	friend_pottery_sherd	0
minecraft:ghast_tear	0	ghast_tear	0
minecraft:glass_bottle	0	potion_bottle_empty	0
minecraft:glistering_melon_slice	0	melon_speckled	0
minecraft:globe_banner_pattern	0	globe_banner_pattern	0
minecraft:glow_frame	0	glow_item_frame	0
minecraft:glow_ink_sac	0	dye_powder	20
minecraft:glowstone_dust	0	glowstone_dust	0
minecraft:goat_horn	0	goat_horn	0
minecraft:gold_ingot	0	gold_ingot	0
minecraft:gold_nugget	0	gold_nugget	0
minecraft:golden_apple	0	apple_golden	0
minecraft:golden_axe	0	axe	3
minecraft:golden_boots	0	boots	3
minecraft:golden_chestplate	0	chestplate	3
minecraft:golden_helmet	0	helmet	3
minecraft:golden_hoe	0	hoe	3
minecraft:golden_horse_armor	0	gold_horse_armor	0
minecraft:golden_leggings	0	leggings	3
minecraft:golden_nautilus_armor	0	gold_nautilus_armor	0
minecraft:golden_pickaxe	0	pickaxe	3
minecraft:golden_shovel	0	shovel	3
minecraft:golden_sword	0	sword	3
minecraft:gray_bundle	0	bundle_gray	0
minecraft:gray_dye	0	dye_powder	8
minecraft:gray_harness	0	harness_gray	0
minecraft:green_bundle	0	bundle_green	0
minecraft:green_dye	0	dye_powder	2
minecraft:green_harness	0	harness_green	0
minecraft:gunpowder	0	gunpowder	0
minecraft:guster_banner_pattern	0	guster_banner_pattern	0
minecraft:guster_pottery_sherd	0	guster_pottery_sherd	0
minecraft:heart_of_the_sea	0	heart_of_the_sea	0
minecraft:heart_pottery_sherd	0	heart_pottery_sherd	0
minecraft:heartbreak_pottery_sherd	0	heartbreak_pottery_sherd	0
minecraft:honey_bottle	0	honey_bottle	0
minecraft:honeycomb	0	honeycomb	0
minecraft:hopper	0	hopper	0
minecraft:hopper_minecart	0	minecart_hopper	0
minecraft:host_armor_trim_smithing_template	0	host_armor_trim_smithing_template	0
minecraft:howl_pottery_sherd	0	howl_pottery_sherd	0
minecraft:ice_bomb	0	ice_bomb	0
minecraft:ink_sac	0	dye_powder	0
minecraft:iron_axe	0	axe	2
minecraft:iron_boots	0	boots	2
minecraft:iron_chestplate	0	chestplate	2
minecraft:iron_door	0	iron_door	0
minecraft:iron_helmet	0	helmet	2
minecraft:iron_hoe	0	hoe	2
minecraft:iron_horse_armor	0	iron_horse_armor	0
minecraft:iron_ingot	0	iron_ingot	0
minecraft:iron_leggings	0	leggings	2
minecraft:iron_nautilus_armor	0	iron_nautilus_armor	0
minecraft:iron_nugget	0	iron_nugget	0
minecraft:iron_pickaxe	0	pickaxe	2
minecraft:iron_shovel	0	shovel	2
minecraft:iron_sword	0	sword	2
minecraft:jungle_boat	0	boat	3
minecraft:jungle_chest_boat	0	chest_boat	3
minecraft:jungle_door	0	jungle_door	0
minecraft:jungle_hanging_sign	0	sign_jungle_hanging	0
minecraft:jungle_sign	0	sign_jungle	0
minecraft:kelp	0	kelp	0
minecraft:lapis_lazuli	0	dye_powder	4
minecraft:lava_bucket	0	bucket	3
minecraft:lead	0	lead	0
minecraft:leather	0	leather	0
minecraft:leather_boots	0	boots	0
minecraft:leather_chestplate	0	chestplate	0
minecraft:leather_helmet	0	helmet	0
minecraft:leather_horse_armor	0	leather_horse_armor	0
minecraft:leather_leggings	0	leggings	0
minecraft:light_blue_bundle	0	bundle_light_blue	0
minecraft:light_blue_dye	0	dye_powder	12
minecraft:light_blue_harness	0	harness_light_blue	0
minecraft:light_gray_bundle	0	bundle_light_gray	0
minecraft:light_gray_dye	0	dye_powder	7
minecraft:light_gray_harness	0	harness_light_gray	0
minecraft:lime_bundle	0	bundle_lime	0
minecraft:lime_dye	0	dye_powder	10
minecraft:lime_harness	0	harness_lime	0
minecraft:lingering_potion	0	potion_bottle_lingering	0
minecraft:lingering_potion	1	potion_bottle_lingering	0
minecraft:lingering_potion	2	potion_bottle_lingering	0
minecraft:lingering_potion	3	potion_bottle_lingering	0
minecraft:lingering_potion	4	potion_bottle_lingering	0
minecraft:lingering_potion	5	potion_bottle_lingering	11
minecraft:lingering_potion	6	potion_bottle_lingering	11
minecraft:lingering_potion	7	potion_bottle_lingering	10
minecraft:lingering_potion	8	potion_bottle_lingering	10
minecraft:lingering_potion	9	potion_bottle_lingering	6
minecraft:lingering_potion	10	potion_bottle_lingering	6
minecraft:lingering_potion	11	potion_bottle_lingering	6
minecraft:lingering_potion	12	potion_bottle_lingering	8
minecraft:lingering_potion	13	potion_bottle_lingering	8
minecraft:lingering_potion	14	potion_bottle_lingering	1
minecraft:lingering_potion	15	potion_bottle_lingering	1
minecraft:lingering_potion	16	potion_bottle_lingering	1
minecraft:lingering_potion	17	potion_bottle_lingering	2
minecraft:lingering_potion	18	potion_bottle_lingering	2
minecraft:lingering_potion	19	potion_bottle_lingering	9
minecraft:lingering_potion	20	potion_bottle_lingering	9
minecraft:lingering_potion	21	potion_bottle_lingering	4
minecraft:lingering_potion	22	potion_bottle_lingering	4
minecraft:lingering_potion	23	potion_bottle_lingering	5
minecraft:lingering_potion	24	potion_bottle_lingering	5
minecraft:lingering_potion	25	potion_bottle_lingering	13
minecraft:lingering_potion	26	potion_bottle_lingering	13
minecraft:lingering_potion	27	potion_bottle_lingering	13
minecraft:lingering_potion	28	potion_bottle_lingering	7
minecraft:lingering_potion	29	potion_bottle_lingering	7
minecraft:lingering_potion	30	potion_bottle_lingering	7
minecraft:lingering_potion	31	potion_bottle_lingering	3
minecraft:lingering_potion	32	potion_bottle_lingering	3
minecraft:lingering_potion	33	potion_bottle_lingering	3
minecraft:lingering_potion	34	potion_bottle_lingering	12
minecraft:lingering_potion	35	potion_bottle_lingering	12
minecraft:lingering_potion	36	potion_bottle_lingering	14
minecraft:lingering_potion	37	potion_bottle_lingering	15
minecraft:lingering_potion	38	potion_bottle_lingering	15
minecraft:lingering_potion	39	potion_bottle_lingering	15
minecraft:lingering_potion	40	potion_bottle_lingering	16
minecraft:lingering_potion	41	potion_bottle_lingering	16
minecraft:lingering_potion	42	potion_bottle_lingering	2
minecraft:lingering_potion	43	potion_bottle_lingering	17
minecraft:lingering_potion	44	potion_bottle_lingering	18
minecraft:lingering_potion	45	potion_bottle_lingering	19
minecraft:lingering_potion	46	potion_bottle_lingering	20
minecraft:lodestone_compass	0	lodestonecompass_item	0
minecraft:mace	0	mace	0
minecraft:magenta_bundle	0	bundle_magenta	0
minecraft:magenta_dye	0	dye_powder	13
minecraft:magenta_harness	0	harness_magenta	0
minecraft:magma_cream	0	magma_cream	0
minecraft:mangrove_boat	0	boat	6
minecraft:mangrove_chest_boat	0	chest_boat	6
minecraft:mangrove_door	0	mangrove_door	0
minecraft:mangrove_hanging_sign	0	sign_mangrove_hanging	0
minecraft:mangrove_propagule	0	mangrove_propagule	0
minecraft:mangrove_sign	0	mangrove_sign	0
minecraft:medicine	0	medicine	0
minecraft:melon_slice	0	melon	0
minecraft:milk_bucket	0	bucket	1
minecraft:minecart	0	minecart_normal	0
minecraft:miner_pottery_sherd	0	miner_pottery_sherd	0
minecraft:mojang_banner_pattern	0	mojang_banner_pattern	0
minecraft:mourner_pottery_sherd	0	mourner_pottery_sherd	0
minecraft:music_disc_11	0	record_11	0
minecraft:music_disc_13	0	record_13	0
minecraft:music_disc_5	0	record_5	0
minecraft:music_disc_blocks	0	record_blocks	0
minecraft:music_disc_bounce	0	record_bounce	0
minecraft:music_disc_cat	0	record_cat	0
minecraft:music_disc_chirp	0	record_chirp	0
minecraft:music_disc_creator	0	record_creator	0
minecraft:music_disc_creator_music_box	0	record_creator_music_box	0
minecraft:music_disc_far	0	record_far	0
minecraft:music_disc_lava_chicken	0	record_lava_chicken	0
minecraft:music_disc_mall	0	record_mall	0
minecraft:music_disc_mellohi	0	record_mellohi	0
minecraft:music_disc_otherside	0	record_otherside	0
minecraft:music_disc_pigstep	0	record_pigstep	0
minecraft:music_disc_precipice	0	record_precipice	0
minecraft:music_disc_relic	0	record_relic	0
minecraft:music_disc_stal	0	record_stal	0
minecraft:music_disc_strad	0	record_strad	0
minecraft:music_disc_tears	0	record_tears	0
minecraft:music_disc_wait	0	record_wait	0
minecraft:music_disc_ward	0	record_ward	0
minecraft:mutton	0	mutton_raw	0
minecraft:name_tag	0	name_tag	0
minecraft:nautilus_shell	0	nautilus_shell	0
minecraft:nether_sprouts	0	nether_sprouts	0
minecraft:nether_star	0	nether_star	0
minecraft:netherbrick	0	netherbrick	0
minecraft:netherite_axe	0	axe	5
minecraft:netherite_boots	0	boots	5
minecraft:netherite_chestplate	0	chestplate	5
minecraft:netherite_helmet	0	helmet	5
minecraft:netherite_hoe	0	hoe	5
minecraft:netherite_horse_armor	0	netherite_horse_armor	0
minecraft:netherite_ingot	0	netherite_ingot	0
minecraft:netherite_leggings	0	leggings	5
minecraft:netherite_nautilus_armor	0	netherite_nautilus_armor	0
minecraft:netherite_pickaxe	0	pickaxe	5
minecraft:netherite_scrap	0	netherite_scrap	0
minecraft:netherite_shovel	0	shovel	5
minecraft:netherite_sword	0	sword	5
minecraft:netherite_upgrade_smithing_template	0	netherite_upgrade_smithing_template	0
minecraft:oak_boat	0	boat	0
minecraft:oak_chest_boat	0	chest_boat	0
minecraft:oak_hanging_sign	0	sign_oak_hanging	0
minecraft:oak_sign	0	sign	0
minecraft:orange_bundle	0	bundle_orange	0
minecraft:orange_dye	0	dye_powder	14
minecraft:orange_harness	0	harness_orange	0
minecraft:oxidized_copper_door	0	oxidized_copper_door	0
minecraft:painting	0	painting	0
minecraft:pale_oak_boat	0	boat	9
minecraft:pale_oak_chest_boat	0	chest_boat	9
minecraft:pale_oak_door	0	pale_oak_door	0
minecraft:pale_oak_hanging_sign	0	sign_pale_oak_hanging	0
minecraft:pale_oak_sign	0	pale_oak_sign	0
minecraft:paper	0	paper	0
minecraft:phantom_membrane	0	phantom_membrane	0
minecraft:photo_item	0	photo	0
minecraft:piglin_banner_pattern	0	piglin_banner_pattern	0
minecraft:pink_bundle	0	bundle_pink	0
minecraft:pink_dye	0	dye_powder	9
minecraft:pink_harness	0	harness_pink	0
minecraft:plenty_pottery_sherd	0	plenty_pottery_sherd	0
minecraft:popped_chorus_fruit	0	chorus_fruit_popped	0
minecraft:portfolio	0	book_portfolio	0
minecraft:potion	0	potion_bottle_drinkable	0
minecraft:potion	1	potion_bottle_drinkable	0
minecraft:potion	2	potion_bottle_drinkable	0
minecraft:potion	3	potion_bottle_drinkable	0
minecraft:potion	4	potion_bottle_drinkable	0
minecraft:potion	5	potion_bottle_drinkable	16
minecraft:potion	6	potion_bottle_drinkable	16
minecraft:potion	7	potion_bottle_drinkable	14
minecraft:potion	8	potion_bottle_drinkable	14
minecraft:potion	9	potion_bottle_drinkable	8
minecraft:potion	10	potion_bottle_drinkable	8
minecraft:potion	11	potion_bottle_drinkable	8
minecraft:potion	12	potion_bottle_drinkable	12
minecraft:potion	13	potion_bottle_drinkable	12
minecraft:potion	14	potion_bottle_drinkable	1
minecraft:potion	15	potion_bottle_drinkable	1
minecraft:potion	16	potion_bottle_drinkable	1
minecraft:potion	17	potion_bottle_drinkable	2
minecraft:potion	18	potion_bottle_drinkable	2
minecraft:potion	19	potion_bottle_drinkable	13
minecraft:potion	20	potion_bottle_drinkable	13
minecraft:potion	21	potion_bottle_drinkable	6
minecraft:potion	22	potion_bottle_drinkable	6
minecraft:potion	23	potion_bottle_drinkable	7
minecraft:potion	24	potion_bottle_drinkable	7
minecraft:potion	25	potion_bottle_drinkable	19
minecraft:potion	26	potion_bottle_drinkable	19
minecraft:potion	27	potion_bottle_drinkable	19
minecraft:potion	28	potion_bottle_drinkable	10
minecraft:potion	29	potion_bottle_drinkable	10
minecraft:potion	30	potion_bottle_drinkable	10
minecraft:potion	31	potion_bottle_drinkable	5
minecraft:potion	32	potion_bottle_drinkable	5
minecraft:potion	33	potion_bottle_drinkable	5
minecraft:potion	34	potion_bottle_drinkable	18
minecraft:potion	35	potion_bottle_drinkable	18
minecraft:potion	36	potion_bottle_drinkable	20
minecraft:potion	37	potion_bottle_drinkable	25
minecraft:potion	38	potion_bottle_drinkable	25
minecraft:potion	39	potion_bottle_drinkable	25
minecraft:potion	40	potion_bottle_drinkable	26
minecraft:potion	41	potion_bottle_drinkable	26
minecraft:potion	42	potion_bottle_drinkable	2
minecraft:potion	43	potion_bottle_drinkable	27
minecraft:potion	44	potion_bottle_drinkable	28
minecraft:potion	45	potion_bottle_drinkable	29
minecraft:potion	46	potion_bottle_drinkable	30
minecraft:powder_snow_bucket	0	bucket	8
minecraft:prismarine_crystals	0	prismarine_crystals	0
minecraft:prismarine_shard	0	prismarine_shard	0
minecraft:prize_pottery_sherd	0	prize_pottery_sherd	0
minecraft:pufferfish_bucket	0	bucket	7
minecraft:purple_bundle	0	bundle_purple	0
minecraft:purple_dye	0	dye_powder	5
minecraft:purple_harness	0	harness_purple	0
minecraft:quartz	0	quartz	0
minecraft:rabbit_foot	0	rabbit_foot	0
minecraft:rabbit_hide	0	rabbit_hide	0
minecraft:raiser_armor_trim_smithing_template	0	raiser_armor_trim_smithing_template	0
minecraft:rapid_fertilizer	0	rapid_fertilizer	0
minecraft:raw_copper	0	raw_copper	0
minecraft:raw_gold	0	raw_gold	0
minecraft:raw_iron	0	raw_iron	0
minecraft:recovery_compass	0	recovery_compass_item	0
minecraft:red_bundle	0	bundle_red	0
minecraft:red_dye	0	dye_powder	1
minecraft:red_harness	0	harness_red	0
minecraft:repeater	0	repeater	0
minecraft:resin_brick	0	resin_brick	0
minecraft:rib_armor_trim_smithing_template	0	rib_armor_trim_smithing_template	0
minecraft:saddle	0	saddle	0
minecraft:salmon_bucket	0	bucket	5
minecraft:scrape_pottery_sherd	0	scrape_pottery_sherd	0
minecraft:sentry_armor_trim_smithing_template	0	sentry_armor_trim_smithing_template	0
minecraft:shaper_armor_trim_smithing_template	0	shaper_armor_trim_smithing_template	0
minecraft:sheaf_pottery_sherd	0	sheaf_pottery_sherd	0
minecraft:shears	0	shears	0
minecraft:shelter_pottery_sherd	0	shelter_pottery_sherd	0
minecraft:shield	0	shield	0
minecraft:shulker_shell	0	shulker_shell	0
minecraft:silence_armor_trim_smithing_template	0	silence_armor_trim_smithing_template	0
minecraft:skull_banner_pattern	0	skull_banner_pattern	0
minecraft:skull_pottery_sherd	0	skull_pottery_sherd	0
minecraft:slime_ball	0	slimeball	0
minecraft:snort_pottery_sherd	0	snort_pottery_sherd	0
minecraft:snout_armor_trim_smithing_template	0	snout_armor_trim_smithing_template	0
minecraft:soul_campfire	0	soul_campfire	0
minecraft:sparkler	0	sparkler	0
minecraft:spire_armor_trim_smithing_template	0	spire_armor_trim_smithing_template	0
minecraft:splash_potion	0	potion_bottle_splash	0
minecraft:splash_potion	1	potion_bottle_splash	0
minecraft:splash_potion	2	potion_bottle_splash	0
minecraft:splash_potion	3	potion_bottle_splash	0
minecraft:splash_potion	4	potion_bottle_splash	0
minecraft:splash_potion	5	potion_bottle_splash	16
minecraft:splash_potion	6	potion_bottle_splash	16
minecraft:splash_potion	7	potion_bottle_splash	14
minecraft:splash_potion	8	potion_bottle_splash	14
minecraft:splash_potion	9	potion_bottle_splash	8
minecraft:splash_potion	10	potion_bottle_splash	8
minecraft:splash_potion	11	potion_bottle_splash	8
minecraft:splash_potion	12	potion_bottle_splash	12
minecraft:splash_potion	13	potion_bottle_splash	12
minecraft:splash_potion	14	potion_bottle_splash	1
minecraft:splash_potion	15	potion_bottle_splash	1
minecraft:splash_potion	16	potion_bottle_splash	1
minecraft:splash_potion	17	potion_bottle_splash	2
minecraft:splash_potion	18	potion_bottle_splash	2
minecraft:splash_potion	19	potion_bottle_splash	13
minecraft:splash_potion	20	potion_bottle_splash	13
minecraft:splash_potion	21	potion_bottle_splash	6
minecraft:splash_potion	22	potion_bottle_splash	6
minecraft:splash_potion	23	potion_bottle_splash	7
minecraft:splash_potion	24	potion_bottle_splash	7
minecraft:splash_potion	25	potion_bottle_splash	19
minecraft:splash_potion	26	potion_bottle_splash	19
minecraft:splash_potion	27	potion_bottle_splash	19
minecraft:splash_potion	28	potion_bottle_splash	10
minecraft:splash_potion	29	potion_bottle_splash	10
minecraft:splash_potion	30	potion_bottle_splash	10
minecraft:splash_potion	31	potion_bottle_splash	5
minecraft:splash_potion	32	potion_bottle_splash	5
minecraft:splash_potion	33	potion_bottle_splash	5
minecraft:splash_potion	34	potion_bottle_splash	18
minecraft:splash_potion	35	potion_bottle_splash	18
minecraft:splash_potion	36	potion_bottle_splash	20
minecraft:splash_potion	37	potion_bottle_splash	24
minecraft:splash_potion	38	potion_bottle_splash	24
minecraft:splash_potion	39	potion_bottle_splash	24
minecraft:splash_potion	40	potion_bottle_splash	25
minecraft:splash_potion	41	potion_bottle_splash	25
minecraft:splash_potion	42	potion_bottle_splash	2
minecraft:splash_potion	43	potion_bottle_splash	26
minecraft:splash_potion	44	potion_bottle_splash	27
minecraft:splash_potion	45	potion_bottle_splash	28
minecraft:splash_potion	46	potion_bottle_splash	29
minecraft:spruce_boat	0	boat	1
minecraft:spruce_chest_boat	0	chest_boat	1
minecraft:spruce_door	0	spruce_door	0
minecraft:spruce_hanging_sign	0	sign_spruce_hanging	0
minecraft:spruce_sign	0	sign_spruce	0
minecraft:spyglass	0	spyglass	0
minecraft:stick	0	stick	0
minecraft:stone_axe	0	axe	1
minecraft:stone_hoe	0	hoe	1
minecraft:stone_pickaxe	0	pickaxe	1
minecraft:stone_shovel	0	shovel	1
minecraft:stone_sword	0	sword	1
minecraft:string	0	string	0
minecraft:sugar	0	sugar	0
minecraft:sugar_cane	0	reeds	0
minecraft:sulfur_cube_bucket	0	bucket	11
minecraft:suspicious_stew	0	suspicious_stew	0
minecraft:tadpole_bucket	0	bucket	10
minecraft:tide_armor_trim_smithing_template	0	tide_armor_trim_smithing_template	0
minecraft:tnt_minecart	0	minecart_tnt	0
minecraft:totem_of_undying	0	totem	0
minecraft:trident	0	trident	0
minecraft:tropical_fish	0	clownfish	0
minecraft:tropical_fish_bucket	0	bucket	6
minecraft:turtle_helmet	0	turtle_helmet	0
minecraft:turtle_scute	0	turtle_shell_piece	0
minecraft:vex_armor_trim_smithing_template	0	vex_armor_trim_smithing_template	0
minecraft:ward_armor_trim_smithing_template	0	ward_armor_trim_smithing_template	0
minecraft:warped_door	0	warped_door	0
minecraft:warped_fungus_on_a_stick	0	warped_fungus_on_a_stick	0
minecraft:warped_hanging_sign	0	sign_warped_hanging	0
minecraft:warped_sign	0	warped_sign_item	0
minecraft:water_bucket	0	bucket	2
minecraft:waxed_copper_door	0	copper_door	0
minecraft:waxed_exposed_copper_door	0	exposed_copper_door	0
minecraft:waxed_oxidized_copper_door	0	oxidized_copper_door	0
minecraft:waxed_weathered_copper_door	0	weathered_copper_door	0
minecraft:wayfinder_armor_trim_smithing_template	0	wayfinder_armor_trim_smithing_template	0
minecraft:weathered_copper_door	0	weathered_copper_door	0
minecraft:wheat	0	wheat	0
minecraft:white_bundle	0	bundle_white	0
minecraft:white_dye	0	dye_powder	19
minecraft:white_harness	0	harness_white	0
minecraft:wild_armor_trim_smithing_template	0	wild_armor_trim_smithing_template	0
minecraft:wolf_armor	0	wolf_armor	0
minecraft:wooden_axe	0	axe	0
minecraft:wooden_door	0	wooden_door	0
minecraft:wooden_hoe	0	hoe	0
minecraft:wooden_pickaxe	0	pickaxe	0
minecraft:wooden_shovel	0	shovel	0
minecraft:wooden_sword	0	sword	0
minecraft:writable_book	0	book_writable	0
minecraft:written_book	0	book_written	0
minecraft:yellow_bundle	0	bundle_yellow	0
minecraft:yellow_dye	0	dye_powder	11
minecraft:yellow_harness	0	harness_yellow	0
